SubscriptionName,SubscriptionGuid,Date,ResourceGuid,ServiceName,ServiceType,ServiceRegion,ServiceResource,Quantity,Cost
"Microsoft Azure Sponsorship","cd7ad108-f6f9-4669-869b-e84a702ebec1","7/9/2025","627d09e1-a74b-518e-9509-2419bbd88bf3","Cognitive Services","Azure OpenAI","AU East","gpt-4.1-mini-dev-ft cchd inpt glbl Tokens","2.304","0.000230"
"Microsoft Azure Sponsorship","cd7ad108-f6f9-4669-869b-e84a702ebec1","6/23/2025","32c3ebec-1646-49e3-8127-2cafbd3a04d8","Bandwidth","Rtn Preference: MGN","All","Standard Data Transfer In","1E-05","0.000000"
"Microsoft Azure Sponsorship","cd7ad108-f6f9-4669-869b-e84a702ebec1","6/25/2025","32c3ebec-1646-49e3-8127-2cafbd3a04d8","Bandwidth","Rtn Preference: MGN","All","Standard Data Transfer In","1E-06","0.000000"
"Microsoft Azure Sponsorship","cd7ad108-f6f9-4669-869b-e84a702ebec1","6/30/2025","32c3ebec-1646-49e3-8127-2cafbd3a04d8","Bandwidth","Rtn Preference: MGN","All","Standard Data Transfer In","6E-06","0.000000"
"Microsoft Azure Sponsorship","cd7ad108-f6f9-4669-869b-e84a702ebec1","7/2/2025","32c3ebec-1646-49e3-8127-2cafbd3a04d8","Bandwidth","Rtn Preference: MGN","All","Standard Data Transfer In","2E-06","0.000000"
"Microsoft Azure Sponsorship","cd7ad108-f6f9-4669-869b-e84a702ebec1","7/3/2025","32c3ebec-1646-49e3-8127-2cafbd3a04d8","Bandwidth","Rtn Preference: MGN","All","Standard Data Transfer In","0.013303","0.000000"
"Microsoft Azure Sponsorship","cd7ad108-f6f9-4669-869b-e84a702ebec1","7/7/2025","32c3ebec-1646-49e3-8127-2cafbd3a04d8","Bandwidth","Rtn Preference: MGN","All","Standard Data Transfer In","2E-06","0.000000"
"Microsoft Azure Sponsorship","cd7ad108-f6f9-4669-869b-e84a702ebec1","7/11/2025","32c3ebec-1646-49e3-8127-2cafbd3a04d8","Bandwidth","Rtn Preference: MGN","All","Standard Data Transfer In","4E-06","0.000000"
"Microsoft Azure Sponsorship","cd7ad108-f6f9-4669-869b-e84a702ebec1","6/18/2025","6d8e33fc-0a98-566c-9795-34a6f15825a2","Storage","Tiered Block Blob","IT North","Hot LRS Data Stored","0.005256","0.000096"
"Microsoft Azure Sponsorship","cd7ad108-f6f9-4669-869b-e84a702ebec1","6/19/2025","6d8e33fc-0a98-566c-9795-34a6f15825a2","Storage","Tiered Block Blob","IT North","Hot LRS Data Stored","0.005256","0.000096"
"Microsoft Azure Sponsorship","cd7ad108-f6f9-4669-869b-e84a702ebec1","6/20/2025","6d8e33fc-0a98-566c-9795-34a6f15825a2","Storage","Tiered Block Blob","IT North","Hot LRS Data Stored","0.005256","0.000096"
"Microsoft Azure Sponsorship","cd7ad108-f6f9-4669-869b-e84a702ebec1","6/21/2025","6d8e33fc-0a98-566c-9795-34a6f15825a2","Storage","Tiered Block Blob","IT North","Hot LRS Data Stored","0.005256","0.000096"
"Microsoft Azure Sponsorship","cd7ad108-f6f9-4669-869b-e84a702ebec1","6/22/2025","6d8e33fc-0a98-566c-9795-34a6f15825a2","Storage","Tiered Block Blob","IT North","Hot LRS Data Stored","0.005256","0.000096"
"Microsoft Azure Sponsorship","cd7ad108-f6f9-4669-869b-e84a702ebec1","6/23/2025","6d8e33fc-0a98-566c-9795-34a6f15825a2","Storage","Tiered Block Blob","IT North","Hot LRS Data Stored","0.005256","0.000096"
"Microsoft Azure Sponsorship","cd7ad108-f6f9-4669-869b-e84a702ebec1","6/24/2025","6d8e33fc-0a98-566c-9795-34a6f15825a2","Storage","Tiered Block Blob","IT North","Hot LRS Data Stored","0.005256","0.000096"
"Microsoft Azure Sponsorship","cd7ad108-f6f9-4669-869b-e84a702ebec1","6/25/2025","6d8e33fc-0a98-566c-9795-34a6f15825a2","Storage","Tiered Block Blob","IT North","Hot LRS Data Stored","0.005256","0.000096"
"Microsoft Azure Sponsorship","cd7ad108-f6f9-4669-869b-e84a702ebec1","6/26/2025","6d8e33fc-0a98-566c-9795-34a6f15825a2","Storage","Tiered Block Blob","IT North","Hot LRS Data Stored","0.005256","0.000096"
"Microsoft Azure Sponsorship","cd7ad108-f6f9-4669-869b-e84a702ebec1","6/27/2025","6d8e33fc-0a98-566c-9795-34a6f15825a2","Storage","Tiered Block Blob","IT North","Hot LRS Data Stored","0.005256","0.000096"
"Microsoft Azure Sponsorship","cd7ad108-f6f9-4669-869b-e84a702ebec1","6/28/2025","6d8e33fc-0a98-566c-9795-34a6f15825a2","Storage","Tiered Block Blob","IT North","Hot LRS Data Stored","0.005256","0.000096"
"Microsoft Azure Sponsorship","cd7ad108-f6f9-4669-869b-e84a702ebec1","6/29/2025","6d8e33fc-0a98-566c-9795-34a6f15825a2","Storage","Tiered Block Blob","IT North","Hot LRS Data Stored","0.005256","0.000096"
"Microsoft Azure Sponsorship","cd7ad108-f6f9-4669-869b-e84a702ebec1","6/30/2025","6d8e33fc-0a98-566c-9795-34a6f15825a2","Storage","Tiered Block Blob","IT North","Hot LRS Data Stored","0.005256","0.000096"
"Microsoft Azure Sponsorship","cd7ad108-f6f9-4669-869b-e84a702ebec1","7/1/2025","6d8e33fc-0a98-566c-9795-34a6f15825a2","Storage","Tiered Block Blob","IT North","Hot LRS Data Stored","0.005088","0.000096"
"Microsoft Azure Sponsorship","cd7ad108-f6f9-4669-869b-e84a702ebec1","7/2/2025","6d8e33fc-0a98-566c-9795-34a6f15825a2","Storage","Tiered Block Blob","IT North","Hot LRS Data Stored","0.005088","0.000096"
"Microsoft Azure Sponsorship","cd7ad108-f6f9-4669-869b-e84a702ebec1","7/3/2025","6d8e33fc-0a98-566c-9795-34a6f15825a2","Storage","Tiered Block Blob","IT North","Hot LRS Data Stored","0.005088","0.000096"
"Microsoft Azure Sponsorship","cd7ad108-f6f9-4669-869b-e84a702ebec1","7/4/2025","6d8e33fc-0a98-566c-9795-34a6f15825a2","Storage","Tiered Block Blob","IT North","Hot LRS Data Stored","0.005088","0.000096"
"Microsoft Azure Sponsorship","cd7ad108-f6f9-4669-869b-e84a702ebec1","7/5/2025","6d8e33fc-0a98-566c-9795-34a6f15825a2","Storage","Tiered Block Blob","IT North","Hot LRS Data Stored","0.005088","0.000096"
"Microsoft Azure Sponsorship","cd7ad108-f6f9-4669-869b-e84a702ebec1","7/6/2025","6d8e33fc-0a98-566c-9795-34a6f15825a2","Storage","Tiered Block Blob","IT North","Hot LRS Data Stored","0.005088","0.000096"
"Microsoft Azure Sponsorship","cd7ad108-f6f9-4669-869b-e84a702ebec1","7/7/2025","6d8e33fc-0a98-566c-9795-34a6f15825a2","Storage","Tiered Block Blob","IT North","Hot LRS Data Stored","0.005088","0.000096"
"Microsoft Azure Sponsorship","cd7ad108-f6f9-4669-869b-e84a702ebec1","7/8/2025","6d8e33fc-0a98-566c-9795-34a6f15825a2","Storage","Tiered Block Blob","IT North","Hot LRS Data Stored","0.005088","0.000096"
"Microsoft Azure Sponsorship","cd7ad108-f6f9-4669-869b-e84a702ebec1","7/9/2025","6d8e33fc-0a98-566c-9795-34a6f15825a2","Storage","Tiered Block Blob","IT North","Hot LRS Data Stored","0.005936","0.000112"
"Microsoft Azure Sponsorship","cd7ad108-f6f9-4669-869b-e84a702ebec1","7/10/2025","6d8e33fc-0a98-566c-9795-34a6f15825a2","Storage","Tiered Block Blob","IT North","Hot LRS Data Stored","0.010176","0.000192"
"Microsoft Azure Sponsorship","cd7ad108-f6f9-4669-869b-e84a702ebec1","7/11/2025","6d8e33fc-0a98-566c-9795-34a6f15825a2","Storage","Tiered Block Blob","IT North","Hot LRS Data Stored","0.010176","0.000192"
"Microsoft Azure Sponsorship","cd7ad108-f6f9-4669-869b-e84a702ebec1","7/12/2025","6d8e33fc-0a98-566c-9795-34a6f15825a2","Storage","Tiered Block Blob","IT North","Hot LRS Data Stored","0.010176","0.000192"
"Microsoft Azure Sponsorship","cd7ad108-f6f9-4669-869b-e84a702ebec1","7/13/2025","6d8e33fc-0a98-566c-9795-34a6f15825a2","Storage","Tiered Block Blob","IT North","Hot LRS Data Stored","0.010176","0.000192"
"Microsoft Azure Sponsorship","cd7ad108-f6f9-4669-869b-e84a702ebec1","7/14/2025","6d8e33fc-0a98-566c-9795-34a6f15825a2","Storage","Tiered Block Blob","IT North","Hot LRS Data Stored","0.010176","0.000192"
"Microsoft Azure Sponsorship","cd7ad108-f6f9-4669-869b-e84a702ebec1","7/15/2025","6d8e33fc-0a98-566c-9795-34a6f15825a2","Storage","Tiered Block Blob","IT North","Hot LRS Data Stored","0.010176","0.000192"
"Microsoft Azure Sponsorship","cd7ad108-f6f9-4669-869b-e84a702ebec1","7/16/2025","6d8e33fc-0a98-566c-9795-34a6f15825a2","Storage","Tiered Block Blob","IT North","Hot LRS Data Stored","0.010176","0.000192"
"Microsoft Azure Sponsorship","cd7ad108-f6f9-4669-869b-e84a702ebec1","7/17/2025","6d8e33fc-0a98-566c-9795-34a6f15825a2","Storage","Tiered Block Blob","IT North","Hot LRS Data Stored","0.010176","0.000192"
"Microsoft Azure Sponsorship","cd7ad108-f6f9-4669-869b-e84a702ebec1","7/18/2025","6d8e33fc-0a98-566c-9795-34a6f15825a2","Storage","Tiered Block Blob","IT North","Hot LRS Data Stored","0.001272","0.000024"
"Microsoft Azure Sponsorship","cd7ad108-f6f9-4669-869b-e84a702ebec1","7/7/2025","4b63edef-625d-5b30-b85d-382e93fbbdc9","Cognitive Services","Azure OpenAI","US East","gpt-4.1-ft output global Tokens","1.563","0.012504"
"Microsoft Azure Sponsorship","cd7ad108-f6f9-4669-869b-e84a702ebec1","7/8/2025","4b63edef-625d-5b30-b85d-382e93fbbdc9","Cognitive Services","Azure OpenAI","US East","gpt-4.1-ft output global Tokens","0.72","0.005760"
"Microsoft Azure Sponsorship","cd7ad108-f6f9-4669-869b-e84a702ebec1","6/18/2025","d620896c-bb1d-56ce-a78a-5d2f97a17652","Cognitive Services","Azure OpenAI","US East","gpt-4-turbo128K Outp-glbl Tokens","5.163","0.154890"
"Microsoft Azure Sponsorship","cd7ad108-f6f9-4669-869b-e84a702ebec1","6/19/2025","d620896c-bb1d-56ce-a78a-5d2f97a17652","Cognitive Services","Azure OpenAI","US East","gpt-4-turbo128K Outp-glbl Tokens","0.636","0.019080"
"Microsoft Azure Sponsorship","cd7ad108-f6f9-4669-869b-e84a702ebec1","6/20/2025","d620896c-bb1d-56ce-a78a-5d2f97a17652","Cognitive Services","Azure OpenAI","US East","gpt-4-turbo128K Outp-glbl Tokens","0.133","0.003990"
"Microsoft Azure Sponsorship","cd7ad108-f6f9-4669-869b-e84a702ebec1","6/23/2025","d620896c-bb1d-56ce-a78a-5d2f97a17652","Cognitive Services","Azure OpenAI","US East","gpt-4-turbo128K Outp-glbl Tokens","3.205","0.096150"
"Microsoft Azure Sponsorship","cd7ad108-f6f9-4669-869b-e84a702ebec1","6/24/2025","d620896c-bb1d-56ce-a78a-5d2f97a17652","Cognitive Services","Azure OpenAI","US East","gpt-4-turbo128K Outp-glbl Tokens","2.287","0.068610"
"Microsoft Azure Sponsorship","cd7ad108-f6f9-4669-869b-e84a702ebec1","6/25/2025","d620896c-bb1d-56ce-a78a-5d2f97a17652","Cognitive Services","Azure OpenAI","US East","gpt-4-turbo128K Outp-glbl Tokens","4.765","0.142950"
"Microsoft Azure Sponsorship","cd7ad108-f6f9-4669-869b-e84a702ebec1","6/26/2025","d620896c-bb1d-56ce-a78a-5d2f97a17652","Cognitive Services","Azure OpenAI","US East","gpt-4-turbo128K Outp-glbl Tokens","0.783","0.023490"
"Microsoft Azure Sponsorship","cd7ad108-f6f9-4669-869b-e84a702ebec1","6/27/2025","d620896c-bb1d-56ce-a78a-5d2f97a17652","Cognitive Services","Azure OpenAI","US East","gpt-4-turbo128K Outp-glbl Tokens","0.502","0.015060"
"Microsoft Azure Sponsorship","cd7ad108-f6f9-4669-869b-e84a702ebec1","6/30/2025","d620896c-bb1d-56ce-a78a-5d2f97a17652","Cognitive Services","Azure OpenAI","US East","gpt-4-turbo128K Outp-glbl Tokens","6.191","0.185730"
"Microsoft Azure Sponsorship","cd7ad108-f6f9-4669-869b-e84a702ebec1","7/1/2025","d620896c-bb1d-56ce-a78a-5d2f97a17652","Cognitive Services","Azure OpenAI","US East","gpt-4-turbo128K Outp-glbl Tokens","2.474","0.074220"
"Microsoft Azure Sponsorship","cd7ad108-f6f9-4669-869b-e84a702ebec1","7/2/2025","d620896c-bb1d-56ce-a78a-5d2f97a17652","Cognitive Services","Azure OpenAI","US East","gpt-4-turbo128K Outp-glbl Tokens","5.518","0.165540"
"Microsoft Azure Sponsorship","cd7ad108-f6f9-4669-869b-e84a702ebec1","7/3/2025","d620896c-bb1d-56ce-a78a-5d2f97a17652","Cognitive Services","Azure OpenAI","US East","gpt-4-turbo128K Outp-glbl Tokens","0.622","0.018660"
"Microsoft Azure Sponsorship","cd7ad108-f6f9-4669-869b-e84a702ebec1","7/4/2025","d620896c-bb1d-56ce-a78a-5d2f97a17652","Cognitive Services","Azure OpenAI","US East","gpt-4-turbo128K Outp-glbl Tokens","0.078","0.002340"
"Microsoft Azure Sponsorship","cd7ad108-f6f9-4669-869b-e84a702ebec1","7/5/2025","d620896c-bb1d-56ce-a78a-5d2f97a17652","Cognitive Services","Azure OpenAI","US East","gpt-4-turbo128K Outp-glbl Tokens","0.981","0.029430"
"Microsoft Azure Sponsorship","cd7ad108-f6f9-4669-869b-e84a702ebec1","7/6/2025","d620896c-bb1d-56ce-a78a-5d2f97a17652","Cognitive Services","Azure OpenAI","US East","gpt-4-turbo128K Outp-glbl Tokens","0.492","0.014760"
"Microsoft Azure Sponsorship","cd7ad108-f6f9-4669-869b-e84a702ebec1","7/7/2025","d620896c-bb1d-56ce-a78a-5d2f97a17652","Cognitive Services","Azure OpenAI","US East","gpt-4-turbo128K Outp-glbl Tokens","1.752","0.052560"
"Microsoft Azure Sponsorship","cd7ad108-f6f9-4669-869b-e84a702ebec1","7/8/2025","d620896c-bb1d-56ce-a78a-5d2f97a17652","Cognitive Services","Azure OpenAI","US East","gpt-4-turbo128K Outp-glbl Tokens","0.1","0.003000"
"Microsoft Azure Sponsorship","cd7ad108-f6f9-4669-869b-e84a702ebec1","7/9/2025","d620896c-bb1d-56ce-a78a-5d2f97a17652","Cognitive Services","Azure OpenAI","US East","gpt-4-turbo128K Outp-glbl Tokens","0.805","0.024150"
"Microsoft Azure Sponsorship","cd7ad108-f6f9-4669-869b-e84a702ebec1","7/10/2025","d620896c-bb1d-56ce-a78a-5d2f97a17652","Cognitive Services","Azure OpenAI","US East","gpt-4-turbo128K Outp-glbl Tokens","6.596","0.197880"
"Microsoft Azure Sponsorship","cd7ad108-f6f9-4669-869b-e84a702ebec1","7/11/2025","d620896c-bb1d-56ce-a78a-5d2f97a17652","Cognitive Services","Azure OpenAI","US East","gpt-4-turbo128K Outp-glbl Tokens","1.278","0.038340"
"Microsoft Azure Sponsorship","cd7ad108-f6f9-4669-869b-e84a702ebec1","7/13/2025","d620896c-bb1d-56ce-a78a-5d2f97a17652","Cognitive Services","Azure OpenAI","US East","gpt-4-turbo128K Outp-glbl Tokens","17.23","0.516900"
"Microsoft Azure Sponsorship","cd7ad108-f6f9-4669-869b-e84a702ebec1","7/14/2025","d620896c-bb1d-56ce-a78a-5d2f97a17652","Cognitive Services","Azure OpenAI","US East","gpt-4-turbo128K Outp-glbl Tokens","6.19","0.185700"
"Microsoft Azure Sponsorship","cd7ad108-f6f9-4669-869b-e84a702ebec1","7/15/2025","d620896c-bb1d-56ce-a78a-5d2f97a17652","Cognitive Services","Azure OpenAI","US East","gpt-4-turbo128K Outp-glbl Tokens","16.624","0.498720"
"Microsoft Azure Sponsorship","cd7ad108-f6f9-4669-869b-e84a702ebec1","7/16/2025","d620896c-bb1d-56ce-a78a-5d2f97a17652","Cognitive Services","Azure OpenAI","US East","gpt-4-turbo128K Outp-glbl Tokens","6.596","0.197880"
"Microsoft Azure Sponsorship","cd7ad108-f6f9-4669-869b-e84a702ebec1","7/17/2025","d620896c-bb1d-56ce-a78a-5d2f97a17652","Cognitive Services","Azure OpenAI","US East","gpt-4-turbo128K Outp-glbl Tokens","5.08","0.152400"
"Microsoft Azure Sponsorship","cd7ad108-f6f9-4669-869b-e84a702ebec1","7/2/2025","e8b8fbbc-b0fd-572e-b947-5e59a2db6214","Storage","Tiered Block Blob","IT North","LRS List and Create Container Operations","0.0001","0.000005"
"Microsoft Azure Sponsorship","cd7ad108-f6f9-4669-869b-e84a702ebec1","7/7/2025","59f32370-857e-5bec-ab64-6192cc28c77e","Cognitive Services","Azure OpenAI","US East","gpt-4.1-ft hosting global Unit","18.917045","32.157955"
"Microsoft Azure Sponsorship","cd7ad108-f6f9-4669-869b-e84a702ebec1","7/8/2025","59f32370-857e-5bec-ab64-6192cc28c77e","Cognitive Services","Azure OpenAI","US East","gpt-4.1-ft hosting global Unit","24.00048","40.799520"
"Microsoft Azure Sponsorship","cd7ad108-f6f9-4669-869b-e84a702ebec1","7/9/2025","59f32370-857e-5bec-ab64-6192cc28c77e","Cognitive Services","Azure OpenAI","US East","gpt-4.1-ft hosting global Unit","28.983913","49.271087"
"Microsoft Azure Sponsorship","cd7ad108-f6f9-4669-869b-e84a702ebec1","7/10/2025","59f32370-857e-5bec-ab64-6192cc28c77e","Cognitive Services","Azure OpenAI","US East","gpt-4.1-ft hosting global Unit","48.00096","81.599040"
"Microsoft Azure Sponsorship","cd7ad108-f6f9-4669-869b-e84a702ebec1","7/11/2025","59f32370-857e-5bec-ab64-6192cc28c77e","Cognitive Services","Azure OpenAI","US East","gpt-4.1-ft hosting global Unit","48.00096","81.599040"
"Microsoft Azure Sponsorship","cd7ad108-f6f9-4669-869b-e84a702ebec1","7/12/2025","59f32370-857e-5bec-ab64-6192cc28c77e","Cognitive Services","Azure OpenAI","US East","gpt-4.1-ft hosting global Unit","48.00096","81.599040"
"Microsoft Azure Sponsorship","cd7ad108-f6f9-4669-869b-e84a702ebec1","7/13/2025","59f32370-857e-5bec-ab64-6192cc28c77e","Cognitive Services","Azure OpenAI","US East","gpt-4.1-ft hosting global Unit","47.967626","81.542374"
"Microsoft Azure Sponsorship","cd7ad108-f6f9-4669-869b-e84a702ebec1","7/14/2025","59f32370-857e-5bec-ab64-6192cc28c77e","Cognitive Services","Azure OpenAI","US East","gpt-4.1-ft hosting global Unit","47.934292","81.485708"
"Microsoft Azure Sponsorship","cd7ad108-f6f9-4669-869b-e84a702ebec1","7/15/2025","59f32370-857e-5bec-ab64-6192cc28c77e","Cognitive Services","Azure OpenAI","US East","gpt-4.1-ft hosting global Unit","47.967626","81.542374"
"Microsoft Azure Sponsorship","cd7ad108-f6f9-4669-869b-e84a702ebec1","7/16/2025","59f32370-857e-5bec-ab64-6192cc28c77e","Cognitive Services","Azure OpenAI","US East","gpt-4.1-ft hosting global Unit","47.967626","81.542374"
"Microsoft Azure Sponsorship","cd7ad108-f6f9-4669-869b-e84a702ebec1","7/17/2025","59f32370-857e-5bec-ab64-6192cc28c77e","Cognitive Services","Azure OpenAI","US East","gpt-4.1-ft hosting global Unit","48.00096","81.599040"
"Microsoft Azure Sponsorship","cd7ad108-f6f9-4669-869b-e84a702ebec1","7/18/2025","59f32370-857e-5bec-ab64-6192cc28c77e","Cognitive Services","Azure OpenAI","US East","gpt-4.1-ft hosting global Unit","5.50011","9.349890"
"Microsoft Azure Sponsorship","cd7ad108-f6f9-4669-869b-e84a702ebec1","7/4/2025","2d8a20f3-67cf-57a4-9bd1-68842728113b","Cognitive Services","Azure OpenAI","US East","gpt-4.1 FT Training global Tokens","3254","81.350000"
"Microsoft Azure Sponsorship","cd7ad108-f6f9-4669-869b-e84a702ebec1","7/3/2025","c5248cf8-ecba-4807-9304-6a8f14b5805a","Storage","Tiered Block Blob","US East","Hot Read Operations","0.0006","0.000002"
"Microsoft Azure Sponsorship","cd7ad108-f6f9-4669-869b-e84a702ebec1","7/4/2025","c5248cf8-ecba-4807-9304-6a8f14b5805a","Storage","Tiered Block Blob","US East","Hot Read Operations","0.028","0.000112"
"Microsoft Azure Sponsorship","cd7ad108-f6f9-4669-869b-e84a702ebec1","6/18/2025","469a7d8f-36f1-4a99-a884-6eb97643be2c","Storage","Tiered Block Blob","US East","Hot RA-GRS Data Stored","0.1176","0.006936"
"Microsoft Azure Sponsorship","cd7ad108-f6f9-4669-869b-e84a702ebec1","6/19/2025","469a7d8f-36f1-4a99-a884-6eb97643be2c","Storage","Tiered Block Blob","US East","Hot RA-GRS Data Stored","0.1176","0.006936"
"Microsoft Azure Sponsorship","cd7ad108-f6f9-4669-869b-e84a702ebec1","6/20/2025","469a7d8f-36f1-4a99-a884-6eb97643be2c","Storage","Tiered Block Blob","US East","Hot RA-GRS Data Stored","0.1176","0.006936"
"Microsoft Azure Sponsorship","cd7ad108-f6f9-4669-869b-e84a702ebec1","6/21/2025","469a7d8f-36f1-4a99-a884-6eb97643be2c","Storage","Tiered Block Blob","US East","Hot RA-GRS Data Stored","0.1176","0.006936"
"Microsoft Azure Sponsorship","cd7ad108-f6f9-4669-869b-e84a702ebec1","6/22/2025","469a7d8f-36f1-4a99-a884-6eb97643be2c","Storage","Tiered Block Blob","US East","Hot RA-GRS Data Stored","0.1176","0.006936"
"Microsoft Azure Sponsorship","cd7ad108-f6f9-4669-869b-e84a702ebec1","6/23/2025","469a7d8f-36f1-4a99-a884-6eb97643be2c","Storage","Tiered Block Blob","US East","Hot RA-GRS Data Stored","0.1176","0.006936"
"Microsoft Azure Sponsorship","cd7ad108-f6f9-4669-869b-e84a702ebec1","6/24/2025","469a7d8f-36f1-4a99-a884-6eb97643be2c","Storage","Tiered Block Blob","US East","Hot RA-GRS Data Stored","0.1176","0.006936"
"Microsoft Azure Sponsorship","cd7ad108-f6f9-4669-869b-e84a702ebec1","6/25/2025","469a7d8f-36f1-4a99-a884-6eb97643be2c","Storage","Tiered Block Blob","US East","Hot RA-GRS Data Stored","0.1176","0.006936"
"Microsoft Azure Sponsorship","cd7ad108-f6f9-4669-869b-e84a702ebec1","6/26/2025","469a7d8f-36f1-4a99-a884-6eb97643be2c","Storage","Tiered Block Blob","US East","Hot RA-GRS Data Stored","0.1176","0.006936"
"Microsoft Azure Sponsorship","cd7ad108-f6f9-4669-869b-e84a702ebec1","6/27/2025","469a7d8f-36f1-4a99-a884-6eb97643be2c","Storage","Tiered Block Blob","US East","Hot RA-GRS Data Stored","0.1176","0.006936"
"Microsoft Azure Sponsorship","cd7ad108-f6f9-4669-869b-e84a702ebec1","6/28/2025","469a7d8f-36f1-4a99-a884-6eb97643be2c","Storage","Tiered Block Blob","US East","Hot RA-GRS Data Stored","0.1176","0.006936"
"Microsoft Azure Sponsorship","cd7ad108-f6f9-4669-869b-e84a702ebec1","6/29/2025","469a7d8f-36f1-4a99-a884-6eb97643be2c","Storage","Tiered Block Blob","US East","Hot RA-GRS Data Stored","0.1176","0.006936"
"Microsoft Azure Sponsorship","cd7ad108-f6f9-4669-869b-e84a702ebec1","6/30/2025","469a7d8f-36f1-4a99-a884-6eb97643be2c","Storage","Tiered Block Blob","US East","Hot RA-GRS Data Stored","0.1176","0.006936"
"Microsoft Azure Sponsorship","cd7ad108-f6f9-4669-869b-e84a702ebec1","7/1/2025","469a7d8f-36f1-4a99-a884-6eb97643be2c","Storage","Tiered Block Blob","US East","Hot RA-GRS Data Stored","0.113808","0.006696"
"Microsoft Azure Sponsorship","cd7ad108-f6f9-4669-869b-e84a702ebec1","7/2/2025","469a7d8f-36f1-4a99-a884-6eb97643be2c","Storage","Tiered Block Blob","US East","Hot RA-GRS Data Stored","0.113808","0.006696"
"Microsoft Azure Sponsorship","cd7ad108-f6f9-4669-869b-e84a702ebec1","7/3/2025","469a7d8f-36f1-4a99-a884-6eb97643be2c","Storage","Tiered Block Blob","US East","Hot RA-GRS Data Stored","0.114078","0.006711"
"Microsoft Azure Sponsorship","cd7ad108-f6f9-4669-869b-e84a702ebec1","7/4/2025","469a7d8f-36f1-4a99-a884-6eb97643be2c","Storage","Tiered Block Blob","US East","Hot RA-GRS Data Stored","0.11424","0.006720"
"Microsoft Azure Sponsorship","cd7ad108-f6f9-4669-869b-e84a702ebec1","7/5/2025","469a7d8f-36f1-4a99-a884-6eb97643be2c","Storage","Tiered Block Blob","US East","Hot RA-GRS Data Stored","0.11424","0.006720"
"Microsoft Azure Sponsorship","cd7ad108-f6f9-4669-869b-e84a702ebec1","7/6/2025","469a7d8f-36f1-4a99-a884-6eb97643be2c","Storage","Tiered Block Blob","US East","Hot RA-GRS Data Stored","0.11424","0.006720"
"Microsoft Azure Sponsorship","cd7ad108-f6f9-4669-869b-e84a702ebec1","7/7/2025","469a7d8f-36f1-4a99-a884-6eb97643be2c","Storage","Tiered Block Blob","US East","Hot RA-GRS Data Stored","0.11424","0.006720"
"Microsoft Azure Sponsorship","cd7ad108-f6f9-4669-869b-e84a702ebec1","7/8/2025","469a7d8f-36f1-4a99-a884-6eb97643be2c","Storage","Tiered Block Blob","US East","Hot RA-GRS Data Stored","0.11424","0.006720"
"Microsoft Azure Sponsorship","cd7ad108-f6f9-4669-869b-e84a702ebec1","7/9/2025","469a7d8f-36f1-4a99-a884-6eb97643be2c","Storage","Tiered Block Blob","US East","Hot RA-GRS Data Stored","0.13804","0.008120"
"Microsoft Azure Sponsorship","cd7ad108-f6f9-4669-869b-e84a702ebec1","7/10/2025","469a7d8f-36f1-4a99-a884-6eb97643be2c","Storage","Tiered Block Blob","US East","Hot RA-GRS Data Stored","0.22848","0.013440"
"Microsoft Azure Sponsorship","cd7ad108-f6f9-4669-869b-e84a702ebec1","7/11/2025","469a7d8f-36f1-4a99-a884-6eb97643be2c","Storage","Tiered Block Blob","US East","Hot RA-GRS Data Stored","0.22848","0.013440"
"Microsoft Azure Sponsorship","cd7ad108-f6f9-4669-869b-e84a702ebec1","7/12/2025","469a7d8f-36f1-4a99-a884-6eb97643be2c","Storage","Tiered Block Blob","US East","Hot RA-GRS Data Stored","0.22848","0.013440"
"Microsoft Azure Sponsorship","cd7ad108-f6f9-4669-869b-e84a702ebec1","7/13/2025","469a7d8f-36f1-4a99-a884-6eb97643be2c","Storage","Tiered Block Blob","US East","Hot RA-GRS Data Stored","0.22848","0.013440"
"Microsoft Azure Sponsorship","cd7ad108-f6f9-4669-869b-e84a702ebec1","7/14/2025","469a7d8f-36f1-4a99-a884-6eb97643be2c","Storage","Tiered Block Blob","US East","Hot RA-GRS Data Stored","0.22848","0.013440"
"Microsoft Azure Sponsorship","cd7ad108-f6f9-4669-869b-e84a702ebec1","7/15/2025","469a7d8f-36f1-4a99-a884-6eb97643be2c","Storage","Tiered Block Blob","US East","Hot RA-GRS Data Stored","0.22848","0.013440"
"Microsoft Azure Sponsorship","cd7ad108-f6f9-4669-869b-e84a702ebec1","7/16/2025","469a7d8f-36f1-4a99-a884-6eb97643be2c","Storage","Tiered Block Blob","US East","Hot RA-GRS Data Stored","0.22848","0.013440"
"Microsoft Azure Sponsorship","cd7ad108-f6f9-4669-869b-e84a702ebec1","7/17/2025","469a7d8f-36f1-4a99-a884-6eb97643be2c","Storage","Tiered Block Blob","US East","Hot RA-GRS Data Stored","0.22848","0.013440"
"Microsoft Azure Sponsorship","cd7ad108-f6f9-4669-869b-e84a702ebec1","7/18/2025","469a7d8f-36f1-4a99-a884-6eb97643be2c","Storage","Tiered Block Blob","US East","Hot RA-GRS Data Stored","0.02856","0.001680"
"Microsoft Azure Sponsorship","cd7ad108-f6f9-4669-869b-e84a702ebec1","7/2/2025","af8b5edd-ce3d-5c56-804a-6eec6e983f92","Cognitive Services","Azure OpenAI","US East","gpt-35-turbo-16K-0125 Input-regional Tokens","0.326","0.000163"
"Microsoft Azure Sponsorship","cd7ad108-f6f9-4669-869b-e84a702ebec1","6/23/2025","761abab8-259d-4206-a6ae-707ed03fc540","Storage","Files","All","Read Operations","0.0008","0.000001"
"Microsoft Azure Sponsorship","cd7ad108-f6f9-4669-869b-e84a702ebec1","7/2/2025","761abab8-259d-4206-a6ae-707ed03fc540","Storage","Files","All","Read Operations","0.0004","0.000000"
"Microsoft Azure Sponsorship","cd7ad108-f6f9-4669-869b-e84a702ebec1","7/3/2025","761abab8-259d-4206-a6ae-707ed03fc540","Storage","Files","All","Read Operations","0.0002","0.000000"
"Microsoft Azure Sponsorship","cd7ad108-f6f9-4669-869b-e84a702ebec1","6/23/2025","9995d93a-7d35-4d3f-9c69-7a7fea447ef4","Bandwidth","Rtn Preference: MGN","All","Standard Data Transfer Out","0.00055","0.000047"
"Microsoft Azure Sponsorship","cd7ad108-f6f9-4669-869b-e84a702ebec1","6/24/2025","9995d93a-7d35-4d3f-9c69-7a7fea447ef4","Bandwidth","Rtn Preference: MGN","All","Standard Data Transfer Out","0.000132","0.000011"
"Microsoft Azure Sponsorship","cd7ad108-f6f9-4669-869b-e84a702ebec1","6/25/2025","9995d93a-7d35-4d3f-9c69-7a7fea447ef4","Bandwidth","Rtn Preference: MGN","All","Standard Data Transfer Out","0.000243","0.000021"
"Microsoft Azure Sponsorship","cd7ad108-f6f9-4669-869b-e84a702ebec1","6/27/2025","9995d93a-7d35-4d3f-9c69-7a7fea447ef4","Bandwidth","Rtn Preference: MGN","All","Standard Data Transfer Out","0.000131","0.000011"
"Microsoft Azure Sponsorship","cd7ad108-f6f9-4669-869b-e84a702ebec1","6/28/2025","9995d93a-7d35-4d3f-9c69-7a7fea447ef4","Bandwidth","Rtn Preference: MGN","All","Standard Data Transfer Out","0.000139","0.000012"
"Microsoft Azure Sponsorship","cd7ad108-f6f9-4669-869b-e84a702ebec1","6/30/2025","9995d93a-7d35-4d3f-9c69-7a7fea447ef4","Bandwidth","Rtn Preference: MGN","All","Standard Data Transfer Out","0.001225","0.000107"
"Microsoft Azure Sponsorship","cd7ad108-f6f9-4669-869b-e84a702ebec1","7/1/2025","9995d93a-7d35-4d3f-9c69-7a7fea447ef4","Bandwidth","Rtn Preference: MGN","All","Standard Data Transfer Out","0.000264","0.000023"
"Microsoft Azure Sponsorship","cd7ad108-f6f9-4669-869b-e84a702ebec1","7/2/2025","9995d93a-7d35-4d3f-9c69-7a7fea447ef4","Bandwidth","Rtn Preference: MGN","All","Standard Data Transfer Out","0.000492","0.000043"
"Microsoft Azure Sponsorship","cd7ad108-f6f9-4669-869b-e84a702ebec1","7/3/2025","9995d93a-7d35-4d3f-9c69-7a7fea447ef4","Bandwidth","Rtn Preference: MGN","All","Standard Data Transfer Out","0.000814","0.000071"
"Microsoft Azure Sponsorship","cd7ad108-f6f9-4669-869b-e84a702ebec1","7/5/2025","9995d93a-7d35-4d3f-9c69-7a7fea447ef4","Bandwidth","Rtn Preference: MGN","All","Standard Data Transfer Out","0.000108","0.000009"
"Microsoft Azure Sponsorship","cd7ad108-f6f9-4669-869b-e84a702ebec1","7/7/2025","9995d93a-7d35-4d3f-9c69-7a7fea447ef4","Bandwidth","Rtn Preference: MGN","All","Standard Data Transfer Out","0.000777","0.000067"
"Microsoft Azure Sponsorship","cd7ad108-f6f9-4669-869b-e84a702ebec1","7/8/2025","9995d93a-7d35-4d3f-9c69-7a7fea447ef4","Bandwidth","Rtn Preference: MGN","All","Standard Data Transfer Out","0.000124","0.000011"
"Microsoft Azure Sponsorship","cd7ad108-f6f9-4669-869b-e84a702ebec1","7/11/2025","9995d93a-7d35-4d3f-9c69-7a7fea447ef4","Bandwidth","Rtn Preference: MGN","All","Standard Data Transfer Out","0.000914","0.000080"
"Microsoft Azure Sponsorship","cd7ad108-f6f9-4669-869b-e84a702ebec1","7/15/2025","9995d93a-7d35-4d3f-9c69-7a7fea447ef4","Bandwidth","Rtn Preference: MGN","All","Standard Data Transfer Out","0.000262","0.000022"
"Microsoft Azure Sponsorship","cd7ad108-f6f9-4669-869b-e84a702ebec1","7/17/2025","9995d93a-7d35-4d3f-9c69-7a7fea447ef4","Bandwidth","Rtn Preference: MGN","All","Standard Data Transfer Out","0.000254","0.000022"
"Microsoft Azure Sponsorship","cd7ad108-f6f9-4669-869b-e84a702ebec1","7/9/2025","4b662826-71b5-5ac3-bb56-7dac0079cd95","Cognitive Services","Azure OpenAI","AU East","gpt-4.1-mini-dev-ft inpt glbl Tokens","3.257","0.001303"
"Microsoft Azure Sponsorship","cd7ad108-f6f9-4669-869b-e84a702ebec1","6/18/2025","3336fed2-e64d-5639-951a-806ead2ede4b","Cognitive Services","Azure OpenAI","US East","gpt 4o 1120 Outp glbl Tokens","2.309","0.023090"
"Microsoft Azure Sponsorship","cd7ad108-f6f9-4669-869b-e84a702ebec1","6/18/2025","7220e5fe-c27e-527b-9109-8aa34aaeb709","Cognitive Services","Azure OpenAI","US East","Assistants-File Search-regnl GB","0.1661","0.016610"
"Microsoft Azure Sponsorship","cd7ad108-f6f9-4669-869b-e84a702ebec1","6/19/2025","7220e5fe-c27e-527b-9109-8aa34aaeb709","Cognitive Services","Azure OpenAI","US East","Assistants-File Search-regnl GB","0.3322","0.033220"
"Microsoft Azure Sponsorship","cd7ad108-f6f9-4669-869b-e84a702ebec1","6/20/2025","7220e5fe-c27e-527b-9109-8aa34aaeb709","Cognitive Services","Azure OpenAI","US East","Assistants-File Search-regnl GB","0.1661","0.016610"
"Microsoft Azure Sponsorship","cd7ad108-f6f9-4669-869b-e84a702ebec1","6/21/2025","7220e5fe-c27e-527b-9109-8aa34aaeb709","Cognitive Services","Azure OpenAI","US East","Assistants-File Search-regnl GB","0.1661","0.016610"
"Microsoft Azure Sponsorship","cd7ad108-f6f9-4669-869b-e84a702ebec1","6/22/2025","7220e5fe-c27e-527b-9109-8aa34aaeb709","Cognitive Services","Azure OpenAI","US East","Assistants-File Search-regnl GB","0.1661","0.016610"
"Microsoft Azure Sponsorship","cd7ad108-f6f9-4669-869b-e84a702ebec1","6/23/2025","7220e5fe-c27e-527b-9109-8aa34aaeb709","Cognitive Services","Azure OpenAI","US East","Assistants-File Search-regnl GB","0.1661","0.016610"
"Microsoft Azure Sponsorship","cd7ad108-f6f9-4669-869b-e84a702ebec1","6/24/2025","7220e5fe-c27e-527b-9109-8aa34aaeb709","Cognitive Services","Azure OpenAI","US East","Assistants-File Search-regnl GB","0.1661","0.016610"
"Microsoft Azure Sponsorship","cd7ad108-f6f9-4669-869b-e84a702ebec1","6/25/2025","7220e5fe-c27e-527b-9109-8aa34aaeb709","Cognitive Services","Azure OpenAI","US East","Assistants-File Search-regnl GB","0.1661","0.016610"
"Microsoft Azure Sponsorship","cd7ad108-f6f9-4669-869b-e84a702ebec1","6/26/2025","7220e5fe-c27e-527b-9109-8aa34aaeb709","Cognitive Services","Azure OpenAI","US East","Assistants-File Search-regnl GB","0.1661","0.016610"
"Microsoft Azure Sponsorship","cd7ad108-f6f9-4669-869b-e84a702ebec1","6/27/2025","7220e5fe-c27e-527b-9109-8aa34aaeb709","Cognitive Services","Azure OpenAI","US East","Assistants-File Search-regnl GB","0.1661","0.016610"
"Microsoft Azure Sponsorship","cd7ad108-f6f9-4669-869b-e84a702ebec1","6/28/2025","7220e5fe-c27e-527b-9109-8aa34aaeb709","Cognitive Services","Azure OpenAI","US East","Assistants-File Search-regnl GB","0.1661","0.016610"
"Microsoft Azure Sponsorship","cd7ad108-f6f9-4669-869b-e84a702ebec1","6/29/2025","7220e5fe-c27e-527b-9109-8aa34aaeb709","Cognitive Services","Azure OpenAI","US East","Assistants-File Search-regnl GB","0.1661","0.016610"
"Microsoft Azure Sponsorship","cd7ad108-f6f9-4669-869b-e84a702ebec1","6/30/2025","7220e5fe-c27e-527b-9109-8aa34aaeb709","Cognitive Services","Azure OpenAI","US East","Assistants-File Search-regnl GB","0.1661","0.016610"
"Microsoft Azure Sponsorship","cd7ad108-f6f9-4669-869b-e84a702ebec1","7/1/2025","7220e5fe-c27e-527b-9109-8aa34aaeb709","Cognitive Services","Azure OpenAI","US East","Assistants-File Search-regnl GB","0.1661","0.016610"
"Microsoft Azure Sponsorship","cd7ad108-f6f9-4669-869b-e84a702ebec1","7/2/2025","7220e5fe-c27e-527b-9109-8aa34aaeb709","Cognitive Services","Azure OpenAI","US East","Assistants-File Search-regnl GB","0.1661","0.016610"
"Microsoft Azure Sponsorship","cd7ad108-f6f9-4669-869b-e84a702ebec1","7/3/2025","7220e5fe-c27e-527b-9109-8aa34aaeb709","Cognitive Services","Azure OpenAI","US East","Assistants-File Search-regnl GB","0.1661","0.016610"
"Microsoft Azure Sponsorship","cd7ad108-f6f9-4669-869b-e84a702ebec1","7/4/2025","7220e5fe-c27e-527b-9109-8aa34aaeb709","Cognitive Services","Azure OpenAI","US East","Assistants-File Search-regnl GB","0.1661","0.016610"
"Microsoft Azure Sponsorship","cd7ad108-f6f9-4669-869b-e84a702ebec1","7/5/2025","7220e5fe-c27e-527b-9109-8aa34aaeb709","Cognitive Services","Azure OpenAI","US East","Assistants-File Search-regnl GB","0.1661","0.016610"
"Microsoft Azure Sponsorship","cd7ad108-f6f9-4669-869b-e84a702ebec1","7/6/2025","7220e5fe-c27e-527b-9109-8aa34aaeb709","Cognitive Services","Azure OpenAI","US East","Assistants-File Search-regnl GB","0.1661","0.016610"
"Microsoft Azure Sponsorship","cd7ad108-f6f9-4669-869b-e84a702ebec1","7/7/2025","7220e5fe-c27e-527b-9109-8aa34aaeb709","Cognitive Services","Azure OpenAI","US East","Assistants-File Search-regnl GB","0.1661","0.016610"
"Microsoft Azure Sponsorship","cd7ad108-f6f9-4669-869b-e84a702ebec1","7/8/2025","7220e5fe-c27e-527b-9109-8aa34aaeb709","Cognitive Services","Azure OpenAI","US East","Assistants-File Search-regnl GB","0.1661","0.016610"
"Microsoft Azure Sponsorship","cd7ad108-f6f9-4669-869b-e84a702ebec1","7/9/2025","7220e5fe-c27e-527b-9109-8aa34aaeb709","Cognitive Services","Azure OpenAI","US East","Assistants-File Search-regnl GB","0.1661","0.016610"
"Microsoft Azure Sponsorship","cd7ad108-f6f9-4669-869b-e84a702ebec1","7/10/2025","7220e5fe-c27e-527b-9109-8aa34aaeb709","Cognitive Services","Azure OpenAI","US East","Assistants-File Search-regnl GB","0.3322","0.033220"
"Microsoft Azure Sponsorship","cd7ad108-f6f9-4669-869b-e84a702ebec1","7/11/2025","7220e5fe-c27e-527b-9109-8aa34aaeb709","Cognitive Services","Azure OpenAI","US East","Assistants-File Search-regnl GB","0.3322","0.033220"
"Microsoft Azure Sponsorship","cd7ad108-f6f9-4669-869b-e84a702ebec1","7/12/2025","7220e5fe-c27e-527b-9109-8aa34aaeb709","Cognitive Services","Azure OpenAI","US East","Assistants-File Search-regnl GB","0.3322","0.033220"
"Microsoft Azure Sponsorship","cd7ad108-f6f9-4669-869b-e84a702ebec1","7/13/2025","7220e5fe-c27e-527b-9109-8aa34aaeb709","Cognitive Services","Azure OpenAI","US East","Assistants-File Search-regnl GB","0.3322","0.033220"
"Microsoft Azure Sponsorship","cd7ad108-f6f9-4669-869b-e84a702ebec1","7/14/2025","7220e5fe-c27e-527b-9109-8aa34aaeb709","Cognitive Services","Azure OpenAI","US East","Assistants-File Search-regnl GB","0.3322","0.033220"
"Microsoft Azure Sponsorship","cd7ad108-f6f9-4669-869b-e84a702ebec1","7/15/2025","7220e5fe-c27e-527b-9109-8aa34aaeb709","Cognitive Services","Azure OpenAI","US East","Assistants-File Search-regnl GB","0.3322","0.033220"
"Microsoft Azure Sponsorship","cd7ad108-f6f9-4669-869b-e84a702ebec1","7/16/2025","7220e5fe-c27e-527b-9109-8aa34aaeb709","Cognitive Services","Azure OpenAI","US East","Assistants-File Search-regnl GB","0.3322","0.033220"
"Microsoft Azure Sponsorship","cd7ad108-f6f9-4669-869b-e84a702ebec1","7/17/2025","7220e5fe-c27e-527b-9109-8aa34aaeb709","Cognitive Services","Azure OpenAI","US East","Assistants-File Search-regnl GB","0.3322","0.033220"
"Microsoft Azure Sponsorship","cd7ad108-f6f9-4669-869b-e84a702ebec1","6/18/2025","dbefcfc1-e3f6-409b-be6d-9cd7b00724a5","Bandwidth","Inter-Region","North America","Intra Continent Data Transfer Out","0.007074","0.000132"
"Microsoft Azure Sponsorship","cd7ad108-f6f9-4669-869b-e84a702ebec1","6/19/2025","dbefcfc1-e3f6-409b-be6d-9cd7b00724a5","Bandwidth","Inter-Region","North America","Intra Continent Data Transfer Out","0.007074","0.000132"
"Microsoft Azure Sponsorship","cd7ad108-f6f9-4669-869b-e84a702ebec1","6/20/2025","dbefcfc1-e3f6-409b-be6d-9cd7b00724a5","Bandwidth","Inter-Region","North America","Intra Continent Data Transfer Out","0.007074","0.000132"
"Microsoft Azure Sponsorship","cd7ad108-f6f9-4669-869b-e84a702ebec1","6/21/2025","dbefcfc1-e3f6-409b-be6d-9cd7b00724a5","Bandwidth","Inter-Region","North America","Intra Continent Data Transfer Out","0.007074","0.000132"
"Microsoft Azure Sponsorship","cd7ad108-f6f9-4669-869b-e84a702ebec1","6/22/2025","dbefcfc1-e3f6-409b-be6d-9cd7b00724a5","Bandwidth","Inter-Region","North America","Intra Continent Data Transfer Out","0.007074","0.000132"
"Microsoft Azure Sponsorship","cd7ad108-f6f9-4669-869b-e84a702ebec1","6/23/2025","dbefcfc1-e3f6-409b-be6d-9cd7b00724a5","Bandwidth","Inter-Region","North America","Intra Continent Data Transfer Out","0.007074","0.000132"
"Microsoft Azure Sponsorship","cd7ad108-f6f9-4669-869b-e84a702ebec1","6/24/2025","dbefcfc1-e3f6-409b-be6d-9cd7b00724a5","Bandwidth","Inter-Region","North America","Intra Continent Data Transfer Out","0.007074","0.000132"
"Microsoft Azure Sponsorship","cd7ad108-f6f9-4669-869b-e84a702ebec1","6/25/2025","dbefcfc1-e3f6-409b-be6d-9cd7b00724a5","Bandwidth","Inter-Region","North America","Intra Continent Data Transfer Out","0.007074","0.000132"
"Microsoft Azure Sponsorship","cd7ad108-f6f9-4669-869b-e84a702ebec1","6/26/2025","dbefcfc1-e3f6-409b-be6d-9cd7b00724a5","Bandwidth","Inter-Region","North America","Intra Continent Data Transfer Out","0.007074","0.000132"
"Microsoft Azure Sponsorship","cd7ad108-f6f9-4669-869b-e84a702ebec1","6/27/2025","dbefcfc1-e3f6-409b-be6d-9cd7b00724a5","Bandwidth","Inter-Region","North America","Intra Continent Data Transfer Out","0.007074","0.000132"
"Microsoft Azure Sponsorship","cd7ad108-f6f9-4669-869b-e84a702ebec1","6/28/2025","dbefcfc1-e3f6-409b-be6d-9cd7b00724a5","Bandwidth","Inter-Region","North America","Intra Continent Data Transfer Out","0.007074","0.000132"
"Microsoft Azure Sponsorship","cd7ad108-f6f9-4669-869b-e84a702ebec1","6/29/2025","dbefcfc1-e3f6-409b-be6d-9cd7b00724a5","Bandwidth","Inter-Region","North America","Intra Continent Data Transfer Out","0.007074","0.000132"
"Microsoft Azure Sponsorship","cd7ad108-f6f9-4669-869b-e84a702ebec1","6/30/2025","dbefcfc1-e3f6-409b-be6d-9cd7b00724a5","Bandwidth","Inter-Region","North America","Intra Continent Data Transfer Out","0.007074","0.000132"
"Microsoft Azure Sponsorship","cd7ad108-f6f9-4669-869b-e84a702ebec1","7/1/2025","dbefcfc1-e3f6-409b-be6d-9cd7b00724a5","Bandwidth","Inter-Region","North America","Intra Continent Data Transfer Out","0.007074","0.000132"
"Microsoft Azure Sponsorship","cd7ad108-f6f9-4669-869b-e84a702ebec1","7/2/2025","dbefcfc1-e3f6-409b-be6d-9cd7b00724a5","Bandwidth","Inter-Region","North America","Intra Continent Data Transfer Out","0.007074","0.000132"
"Microsoft Azure Sponsorship","cd7ad108-f6f9-4669-869b-e84a702ebec1","7/3/2025","dbefcfc1-e3f6-409b-be6d-9cd7b00724a5","Bandwidth","Inter-Region","North America","Intra Continent Data Transfer Out","0.034228","0.000675"
"Microsoft Azure Sponsorship","cd7ad108-f6f9-4669-869b-e84a702ebec1","7/4/2025","dbefcfc1-e3f6-409b-be6d-9cd7b00724a5","Bandwidth","Inter-Region","North America","Intra Continent Data Transfer Out","0.869994","0.017389"
"Microsoft Azure Sponsorship","cd7ad108-f6f9-4669-869b-e84a702ebec1","7/5/2025","dbefcfc1-e3f6-409b-be6d-9cd7b00724a5","Bandwidth","Inter-Region","North America","Intra Continent Data Transfer Out","0.007126","0.000132"
"Microsoft Azure Sponsorship","cd7ad108-f6f9-4669-869b-e84a702ebec1","7/6/2025","dbefcfc1-e3f6-409b-be6d-9cd7b00724a5","Bandwidth","Inter-Region","North America","Intra Continent Data Transfer Out","0.007126","0.000132"
"Microsoft Azure Sponsorship","cd7ad108-f6f9-4669-869b-e84a702ebec1","7/7/2025","dbefcfc1-e3f6-409b-be6d-9cd7b00724a5","Bandwidth","Inter-Region","North America","Intra Continent Data Transfer Out","0.007126","0.000132"
"Microsoft Azure Sponsorship","cd7ad108-f6f9-4669-869b-e84a702ebec1","7/8/2025","dbefcfc1-e3f6-409b-be6d-9cd7b00724a5","Bandwidth","Inter-Region","North America","Intra Continent Data Transfer Out","0.007126","0.000132"
"Microsoft Azure Sponsorship","cd7ad108-f6f9-4669-869b-e84a702ebec1","7/9/2025","dbefcfc1-e3f6-409b-be6d-9cd7b00724a5","Bandwidth","Inter-Region","North America","Intra Continent Data Transfer Out","0.008496","0.000157"
"Microsoft Azure Sponsorship","cd7ad108-f6f9-4669-869b-e84a702ebec1","7/10/2025","dbefcfc1-e3f6-409b-be6d-9cd7b00724a5","Bandwidth","Inter-Region","North America","Intra Continent Data Transfer Out","0.014252","0.000264"
"Microsoft Azure Sponsorship","cd7ad108-f6f9-4669-869b-e84a702ebec1","7/11/2025","dbefcfc1-e3f6-409b-be6d-9cd7b00724a5","Bandwidth","Inter-Region","North America","Intra Continent Data Transfer Out","0.014252","0.000264"
"Microsoft Azure Sponsorship","cd7ad108-f6f9-4669-869b-e84a702ebec1","7/12/2025","dbefcfc1-e3f6-409b-be6d-9cd7b00724a5","Bandwidth","Inter-Region","North America","Intra Continent Data Transfer Out","0.014252","0.000264"
"Microsoft Azure Sponsorship","cd7ad108-f6f9-4669-869b-e84a702ebec1","7/13/2025","dbefcfc1-e3f6-409b-be6d-9cd7b00724a5","Bandwidth","Inter-Region","North America","Intra Continent Data Transfer Out","0.014252","0.000264"
"Microsoft Azure Sponsorship","cd7ad108-f6f9-4669-869b-e84a702ebec1","7/14/2025","dbefcfc1-e3f6-409b-be6d-9cd7b00724a5","Bandwidth","Inter-Region","North America","Intra Continent Data Transfer Out","0.014252","0.000264"
"Microsoft Azure Sponsorship","cd7ad108-f6f9-4669-869b-e84a702ebec1","7/15/2025","dbefcfc1-e3f6-409b-be6d-9cd7b00724a5","Bandwidth","Inter-Region","North America","Intra Continent Data Transfer Out","0.014252","0.000264"
"Microsoft Azure Sponsorship","cd7ad108-f6f9-4669-869b-e84a702ebec1","7/16/2025","dbefcfc1-e3f6-409b-be6d-9cd7b00724a5","Bandwidth","Inter-Region","North America","Intra Continent Data Transfer Out","0.014252","0.000264"
"Microsoft Azure Sponsorship","cd7ad108-f6f9-4669-869b-e84a702ebec1","7/17/2025","dbefcfc1-e3f6-409b-be6d-9cd7b00724a5","Bandwidth","Inter-Region","North America","Intra Continent Data Transfer Out","0.014252","0.000264"
"Microsoft Azure Sponsorship","cd7ad108-f6f9-4669-869b-e84a702ebec1","7/18/2025","dbefcfc1-e3f6-409b-be6d-9cd7b00724a5","Bandwidth","Inter-Region","North America","Intra Continent Data Transfer Out","0.002194","0.000042"
"Microsoft Azure Sponsorship","cd7ad108-f6f9-4669-869b-e84a702ebec1","7/9/2025","2b4841d6-d59e-5457-8ff2-9d3d2c0b1cb0","Cognitive Services","Azure OpenAI","AU East","gpt-4.1-mini-ft hosting global Unit","5.783449","9.831551"
"Microsoft Azure Sponsorship","cd7ad108-f6f9-4669-869b-e84a702ebec1","7/8/2025","580cc315-96c2-5f8a-a276-a16e99a0904f","Cognitive Services","Azure OpenAI","AU East","gpt-4.1-mini FT Training global Tokens","4338","21.690000"
"Microsoft Azure Sponsorship","cd7ad108-f6f9-4669-869b-e84a702ebec1","6/18/2025","0b248445-aa24-4fe8-a794-a174929327bd","Storage","Tiered Block Blob","US East","All Other Operations","0.001","0.000002"
"Microsoft Azure Sponsorship","cd7ad108-f6f9-4669-869b-e84a702ebec1","6/19/2025","0b248445-aa24-4fe8-a794-a174929327bd","Storage","Tiered Block Blob","US East","All Other Operations","0.0008","0.000001"
"Microsoft Azure Sponsorship","cd7ad108-f6f9-4669-869b-e84a702ebec1","6/20/2025","0b248445-aa24-4fe8-a794-a174929327bd","Storage","Tiered Block Blob","US East","All Other Operations","0.0008","0.000001"
"Microsoft Azure Sponsorship","cd7ad108-f6f9-4669-869b-e84a702ebec1","6/21/2025","0b248445-aa24-4fe8-a794-a174929327bd","Storage","Tiered Block Blob","US East","All Other Operations","0.0008","0.000001"
"Microsoft Azure Sponsorship","cd7ad108-f6f9-4669-869b-e84a702ebec1","6/22/2025","0b248445-aa24-4fe8-a794-a174929327bd","Storage","Tiered Block Blob","US East","All Other Operations","0.0008","0.000001"
"Microsoft Azure Sponsorship","cd7ad108-f6f9-4669-869b-e84a702ebec1","6/23/2025","0b248445-aa24-4fe8-a794-a174929327bd","Storage","Tiered Block Blob","US East","All Other Operations","0.0037","0.000013"
"Microsoft Azure Sponsorship","cd7ad108-f6f9-4669-869b-e84a702ebec1","6/24/2025","0b248445-aa24-4fe8-a794-a174929327bd","Storage","Tiered Block Blob","US East","All Other Operations","0.0008","0.000001"
"Microsoft Azure Sponsorship","cd7ad108-f6f9-4669-869b-e84a702ebec1","6/25/2025","0b248445-aa24-4fe8-a794-a174929327bd","Storage","Tiered Block Blob","US East","All Other Operations","0.0008","0.000001"
"Microsoft Azure Sponsorship","cd7ad108-f6f9-4669-869b-e84a702ebec1","6/26/2025","0b248445-aa24-4fe8-a794-a174929327bd","Storage","Tiered Block Blob","US East","All Other Operations","0.0008","0.000001"
"Microsoft Azure Sponsorship","cd7ad108-f6f9-4669-869b-e84a702ebec1","6/27/2025","0b248445-aa24-4fe8-a794-a174929327bd","Storage","Tiered Block Blob","US East","All Other Operations","0.0008","0.000001"
"Microsoft Azure Sponsorship","cd7ad108-f6f9-4669-869b-e84a702ebec1","6/28/2025","0b248445-aa24-4fe8-a794-a174929327bd","Storage","Tiered Block Blob","US East","All Other Operations","0.0008","0.000001"
"Microsoft Azure Sponsorship","cd7ad108-f6f9-4669-869b-e84a702ebec1","6/29/2025","0b248445-aa24-4fe8-a794-a174929327bd","Storage","Tiered Block Blob","US East","All Other Operations","0.0008","0.000001"
"Microsoft Azure Sponsorship","cd7ad108-f6f9-4669-869b-e84a702ebec1","6/30/2025","0b248445-aa24-4fe8-a794-a174929327bd","Storage","Tiered Block Blob","US East","All Other Operations","0.0008","0.000001"
"Microsoft Azure Sponsorship","cd7ad108-f6f9-4669-869b-e84a702ebec1","7/1/2025","0b248445-aa24-4fe8-a794-a174929327bd","Storage","Tiered Block Blob","US East","All Other Operations","0.0008","0.000001"
"Microsoft Azure Sponsorship","cd7ad108-f6f9-4669-869b-e84a702ebec1","7/2/2025","0b248445-aa24-4fe8-a794-a174929327bd","Storage","Tiered Block Blob","US East","All Other Operations","0.001","0.000002"
"Microsoft Azure Sponsorship","cd7ad108-f6f9-4669-869b-e84a702ebec1","7/3/2025","0b248445-aa24-4fe8-a794-a174929327bd","Storage","Tiered Block Blob","US East","All Other Operations","0.0045","0.000017"
"Microsoft Azure Sponsorship","cd7ad108-f6f9-4669-869b-e84a702ebec1","7/4/2025","0b248445-aa24-4fe8-a794-a174929327bd","Storage","Tiered Block Blob","US East","All Other Operations","0.0012","0.000003"
"Microsoft Azure Sponsorship","cd7ad108-f6f9-4669-869b-e84a702ebec1","7/5/2025","0b248445-aa24-4fe8-a794-a174929327bd","Storage","Tiered Block Blob","US East","All Other Operations","0.0008","0.000001"
"Microsoft Azure Sponsorship","cd7ad108-f6f9-4669-869b-e84a702ebec1","7/6/2025","0b248445-aa24-4fe8-a794-a174929327bd","Storage","Tiered Block Blob","US East","All Other Operations","0.0008","0.000001"
"Microsoft Azure Sponsorship","cd7ad108-f6f9-4669-869b-e84a702ebec1","7/7/2025","0b248445-aa24-4fe8-a794-a174929327bd","Storage","Tiered Block Blob","US East","All Other Operations","0.0008","0.000001"
"Microsoft Azure Sponsorship","cd7ad108-f6f9-4669-869b-e84a702ebec1","7/8/2025","0b248445-aa24-4fe8-a794-a174929327bd","Storage","Tiered Block Blob","US East","All Other Operations","0.0008","0.000001"
"Microsoft Azure Sponsorship","cd7ad108-f6f9-4669-869b-e84a702ebec1","7/9/2025","0b248445-aa24-4fe8-a794-a174929327bd","Storage","Tiered Block Blob","US East","All Other Operations","0.0009","0.000001"
"Microsoft Azure Sponsorship","cd7ad108-f6f9-4669-869b-e84a702ebec1","7/10/2025","0b248445-aa24-4fe8-a794-a174929327bd","Storage","Tiered Block Blob","US East","All Other Operations","0.0016","0.000002"
"Microsoft Azure Sponsorship","cd7ad108-f6f9-4669-869b-e84a702ebec1","7/11/2025","0b248445-aa24-4fe8-a794-a174929327bd","Storage","Tiered Block Blob","US East","All Other Operations","0.0016","0.000002"
"Microsoft Azure Sponsorship","cd7ad108-f6f9-4669-869b-e84a702ebec1","7/12/2025","0b248445-aa24-4fe8-a794-a174929327bd","Storage","Tiered Block Blob","US East","All Other Operations","0.0016","0.000002"
"Microsoft Azure Sponsorship","cd7ad108-f6f9-4669-869b-e84a702ebec1","7/13/2025","0b248445-aa24-4fe8-a794-a174929327bd","Storage","Tiered Block Blob","US East","All Other Operations","0.0016","0.000002"
"Microsoft Azure Sponsorship","cd7ad108-f6f9-4669-869b-e84a702ebec1","7/14/2025","0b248445-aa24-4fe8-a794-a174929327bd","Storage","Tiered Block Blob","US East","All Other Operations","0.0016","0.000002"
"Microsoft Azure Sponsorship","cd7ad108-f6f9-4669-869b-e84a702ebec1","7/15/2025","0b248445-aa24-4fe8-a794-a174929327bd","Storage","Tiered Block Blob","US East","All Other Operations","0.0016","0.000002"
"Microsoft Azure Sponsorship","cd7ad108-f6f9-4669-869b-e84a702ebec1","7/16/2025","0b248445-aa24-4fe8-a794-a174929327bd","Storage","Tiered Block Blob","US East","All Other Operations","0.0016","0.000002"
"Microsoft Azure Sponsorship","cd7ad108-f6f9-4669-869b-e84a702ebec1","7/17/2025","0b248445-aa24-4fe8-a794-a174929327bd","Storage","Tiered Block Blob","US East","All Other Operations","0.0016","0.000002"
"Microsoft Azure Sponsorship","cd7ad108-f6f9-4669-869b-e84a702ebec1","7/18/2025","0b248445-aa24-4fe8-a794-a174929327bd","Storage","Tiered Block Blob","US East","All Other Operations","0.0004","0.000002"
"Microsoft Azure Sponsorship","cd7ad108-f6f9-4669-869b-e84a702ebec1","6/18/2025","dd346d59-679d-4422-bcda-a39cf5cdde64","Bandwidth","Inter-Region","North America","Intra Continent Data Transfer In","2E-06","0.000000"
"Microsoft Azure Sponsorship","cd7ad108-f6f9-4669-869b-e84a702ebec1","6/19/2025","dd346d59-679d-4422-bcda-a39cf5cdde64","Bandwidth","Inter-Region","North America","Intra Continent Data Transfer In","2E-06","0.000000"
"Microsoft Azure Sponsorship","cd7ad108-f6f9-4669-869b-e84a702ebec1","6/20/2025","dd346d59-679d-4422-bcda-a39cf5cdde64","Bandwidth","Inter-Region","North America","Intra Continent Data Transfer In","2E-06","0.000000"
"Microsoft Azure Sponsorship","cd7ad108-f6f9-4669-869b-e84a702ebec1","6/21/2025","dd346d59-679d-4422-bcda-a39cf5cdde64","Bandwidth","Inter-Region","North America","Intra Continent Data Transfer In","2E-06","0.000000"
"Microsoft Azure Sponsorship","cd7ad108-f6f9-4669-869b-e84a702ebec1","6/22/2025","dd346d59-679d-4422-bcda-a39cf5cdde64","Bandwidth","Inter-Region","North America","Intra Continent Data Transfer In","2E-06","0.000000"
"Microsoft Azure Sponsorship","cd7ad108-f6f9-4669-869b-e84a702ebec1","6/23/2025","dd346d59-679d-4422-bcda-a39cf5cdde64","Bandwidth","Inter-Region","North America","Intra Continent Data Transfer In","2E-06","0.000000"
"Microsoft Azure Sponsorship","cd7ad108-f6f9-4669-869b-e84a702ebec1","6/24/2025","dd346d59-679d-4422-bcda-a39cf5cdde64","Bandwidth","Inter-Region","North America","Intra Continent Data Transfer In","2E-06","0.000000"
"Microsoft Azure Sponsorship","cd7ad108-f6f9-4669-869b-e84a702ebec1","6/25/2025","dd346d59-679d-4422-bcda-a39cf5cdde64","Bandwidth","Inter-Region","North America","Intra Continent Data Transfer In","2E-06","0.000000"
"Microsoft Azure Sponsorship","cd7ad108-f6f9-4669-869b-e84a702ebec1","6/26/2025","dd346d59-679d-4422-bcda-a39cf5cdde64","Bandwidth","Inter-Region","North America","Intra Continent Data Transfer In","2E-06","0.000000"
"Microsoft Azure Sponsorship","cd7ad108-f6f9-4669-869b-e84a702ebec1","6/27/2025","dd346d59-679d-4422-bcda-a39cf5cdde64","Bandwidth","Inter-Region","North America","Intra Continent Data Transfer In","2E-06","0.000000"
"Microsoft Azure Sponsorship","cd7ad108-f6f9-4669-869b-e84a702ebec1","6/28/2025","dd346d59-679d-4422-bcda-a39cf5cdde64","Bandwidth","Inter-Region","North America","Intra Continent Data Transfer In","2E-06","0.000000"
"Microsoft Azure Sponsorship","cd7ad108-f6f9-4669-869b-e84a702ebec1","6/29/2025","dd346d59-679d-4422-bcda-a39cf5cdde64","Bandwidth","Inter-Region","North America","Intra Continent Data Transfer In","2E-06","0.000000"
"Microsoft Azure Sponsorship","cd7ad108-f6f9-4669-869b-e84a702ebec1","6/30/2025","dd346d59-679d-4422-bcda-a39cf5cdde64","Bandwidth","Inter-Region","North America","Intra Continent Data Transfer In","2E-06","0.000000"
"Microsoft Azure Sponsorship","cd7ad108-f6f9-4669-869b-e84a702ebec1","7/1/2025","dd346d59-679d-4422-bcda-a39cf5cdde64","Bandwidth","Inter-Region","North America","Intra Continent Data Transfer In","2E-06","0.000000"
"Microsoft Azure Sponsorship","cd7ad108-f6f9-4669-869b-e84a702ebec1","7/2/2025","dd346d59-679d-4422-bcda-a39cf5cdde64","Bandwidth","Inter-Region","North America","Intra Continent Data Transfer In","2E-06","0.000000"
"Microsoft Azure Sponsorship","cd7ad108-f6f9-4669-869b-e84a702ebec1","7/3/2025","dd346d59-679d-4422-bcda-a39cf5cdde64","Bandwidth","Inter-Region","North America","Intra Continent Data Transfer In","6E-06","0.000000"
"Microsoft Azure Sponsorship","cd7ad108-f6f9-4669-869b-e84a702ebec1","7/4/2025","dd346d59-679d-4422-bcda-a39cf5cdde64","Bandwidth","Inter-Region","North America","Intra Continent Data Transfer In","0.000125","0.000000"
"Microsoft Azure Sponsorship","cd7ad108-f6f9-4669-869b-e84a702ebec1","7/5/2025","dd346d59-679d-4422-bcda-a39cf5cdde64","Bandwidth","Inter-Region","North America","Intra Continent Data Transfer In","2E-06","0.000000"
"Microsoft Azure Sponsorship","cd7ad108-f6f9-4669-869b-e84a702ebec1","7/6/2025","dd346d59-679d-4422-bcda-a39cf5cdde64","Bandwidth","Inter-Region","North America","Intra Continent Data Transfer In","2E-06","0.000000"
"Microsoft Azure Sponsorship","cd7ad108-f6f9-4669-869b-e84a702ebec1","7/7/2025","dd346d59-679d-4422-bcda-a39cf5cdde64","Bandwidth","Inter-Region","North America","Intra Continent Data Transfer In","2E-06","0.000000"
"Microsoft Azure Sponsorship","cd7ad108-f6f9-4669-869b-e84a702ebec1","7/8/2025","dd346d59-679d-4422-bcda-a39cf5cdde64","Bandwidth","Inter-Region","North America","Intra Continent Data Transfer In","2E-06","0.000000"
"Microsoft Azure Sponsorship","cd7ad108-f6f9-4669-869b-e84a702ebec1","7/9/2025","dd346d59-679d-4422-bcda-a39cf5cdde64","Bandwidth","Inter-Region","North America","Intra Continent Data Transfer In","2E-06","0.000000"
"Microsoft Azure Sponsorship","cd7ad108-f6f9-4669-869b-e84a702ebec1","7/10/2025","dd346d59-679d-4422-bcda-a39cf5cdde64","Bandwidth","Inter-Region","North America","Intra Continent Data Transfer In","4E-06","0.000000"
"Microsoft Azure Sponsorship","cd7ad108-f6f9-4669-869b-e84a702ebec1","7/11/2025","dd346d59-679d-4422-bcda-a39cf5cdde64","Bandwidth","Inter-Region","North America","Intra Continent Data Transfer In","4E-06","0.000000"
"Microsoft Azure Sponsorship","cd7ad108-f6f9-4669-869b-e84a702ebec1","7/12/2025","dd346d59-679d-4422-bcda-a39cf5cdde64","Bandwidth","Inter-Region","North America","Intra Continent Data Transfer In","4E-06","0.000000"
"Microsoft Azure Sponsorship","cd7ad108-f6f9-4669-869b-e84a702ebec1","7/13/2025","dd346d59-679d-4422-bcda-a39cf5cdde64","Bandwidth","Inter-Region","North America","Intra Continent Data Transfer In","4E-06","0.000000"
"Microsoft Azure Sponsorship","cd7ad108-f6f9-4669-869b-e84a702ebec1","7/14/2025","dd346d59-679d-4422-bcda-a39cf5cdde64","Bandwidth","Inter-Region","North America","Intra Continent Data Transfer In","4E-06","0.000000"
"Microsoft Azure Sponsorship","cd7ad108-f6f9-4669-869b-e84a702ebec1","7/15/2025","dd346d59-679d-4422-bcda-a39cf5cdde64","Bandwidth","Inter-Region","North America","Intra Continent Data Transfer In","4E-06","0.000000"
"Microsoft Azure Sponsorship","cd7ad108-f6f9-4669-869b-e84a702ebec1","7/16/2025","dd346d59-679d-4422-bcda-a39cf5cdde64","Bandwidth","Inter-Region","North America","Intra Continent Data Transfer In","4E-06","0.000000"
"Microsoft Azure Sponsorship","cd7ad108-f6f9-4669-869b-e84a702ebec1","7/17/2025","dd346d59-679d-4422-bcda-a39cf5cdde64","Bandwidth","Inter-Region","North America","Intra Continent Data Transfer In","4E-06","0.000000"
"Microsoft Azure Sponsorship","cd7ad108-f6f9-4669-869b-e84a702ebec1","7/18/2025","dd346d59-679d-4422-bcda-a39cf5cdde64","Bandwidth","Inter-Region","North America","Intra Continent Data Transfer In","2E-06","0.000000"
"Microsoft Azure Sponsorship","cd7ad108-f6f9-4669-869b-e84a702ebec1","6/18/2025","0c873ca2-4113-4997-8cf6-ad5df5775599","Azure Cognitive Search","AI","All","Basic Unit","24","2.424000"
"Microsoft Azure Sponsorship","cd7ad108-f6f9-4669-869b-e84a702ebec1","6/19/2025","0c873ca2-4113-4997-8cf6-ad5df5775599","Azure Cognitive Search","AI","All","Basic Unit","24","2.424000"
"Microsoft Azure Sponsorship","cd7ad108-f6f9-4669-869b-e84a702ebec1","6/20/2025","0c873ca2-4113-4997-8cf6-ad5df5775599","Azure Cognitive Search","AI","All","Basic Unit","24","2.424000"
"Microsoft Azure Sponsorship","cd7ad108-f6f9-4669-869b-e84a702ebec1","6/21/2025","0c873ca2-4113-4997-8cf6-ad5df5775599","Azure Cognitive Search","AI","All","Basic Unit","24","2.424000"
"Microsoft Azure Sponsorship","cd7ad108-f6f9-4669-869b-e84a702ebec1","6/22/2025","0c873ca2-4113-4997-8cf6-ad5df5775599","Azure Cognitive Search","AI","All","Basic Unit","24","2.424000"
"Microsoft Azure Sponsorship","cd7ad108-f6f9-4669-869b-e84a702ebec1","6/23/2025","0c873ca2-4113-4997-8cf6-ad5df5775599","Azure Cognitive Search","AI","All","Basic Unit","24","2.424000"
"Microsoft Azure Sponsorship","cd7ad108-f6f9-4669-869b-e84a702ebec1","6/24/2025","0c873ca2-4113-4997-8cf6-ad5df5775599","Azure Cognitive Search","AI","All","Basic Unit","24","2.424000"
"Microsoft Azure Sponsorship","cd7ad108-f6f9-4669-869b-e84a702ebec1","6/25/2025","0c873ca2-4113-4997-8cf6-ad5df5775599","Azure Cognitive Search","AI","All","Basic Unit","24","2.424000"
"Microsoft Azure Sponsorship","cd7ad108-f6f9-4669-869b-e84a702ebec1","6/26/2025","0c873ca2-4113-4997-8cf6-ad5df5775599","Azure Cognitive Search","AI","All","Basic Unit","24","2.424000"
"Microsoft Azure Sponsorship","cd7ad108-f6f9-4669-869b-e84a702ebec1","6/27/2025","0c873ca2-4113-4997-8cf6-ad5df5775599","Azure Cognitive Search","AI","All","Basic Unit","24","2.424000"
"Microsoft Azure Sponsorship","cd7ad108-f6f9-4669-869b-e84a702ebec1","6/28/2025","0c873ca2-4113-4997-8cf6-ad5df5775599","Azure Cognitive Search","AI","All","Basic Unit","24","2.424000"
"Microsoft Azure Sponsorship","cd7ad108-f6f9-4669-869b-e84a702ebec1","6/29/2025","0c873ca2-4113-4997-8cf6-ad5df5775599","Azure Cognitive Search","AI","All","Basic Unit","24","2.424000"
"Microsoft Azure Sponsorship","cd7ad108-f6f9-4669-869b-e84a702ebec1","6/30/2025","0c873ca2-4113-4997-8cf6-ad5df5775599","Azure Cognitive Search","AI","All","Basic Unit","24","2.424000"
"Microsoft Azure Sponsorship","cd7ad108-f6f9-4669-869b-e84a702ebec1","7/1/2025","0c873ca2-4113-4997-8cf6-ad5df5775599","Azure Cognitive Search","AI","All","Basic Unit","24","2.424000"
"Microsoft Azure Sponsorship","cd7ad108-f6f9-4669-869b-e84a702ebec1","7/2/2025","0c873ca2-4113-4997-8cf6-ad5df5775599","Azure Cognitive Search","AI","All","Basic Unit","24","2.424000"
"Microsoft Azure Sponsorship","cd7ad108-f6f9-4669-869b-e84a702ebec1","7/3/2025","0c873ca2-4113-4997-8cf6-ad5df5775599","Azure Cognitive Search","AI","All","Basic Unit","24","2.424000"
"Microsoft Azure Sponsorship","cd7ad108-f6f9-4669-869b-e84a702ebec1","7/4/2025","0c873ca2-4113-4997-8cf6-ad5df5775599","Azure Cognitive Search","AI","All","Basic Unit","24","2.424000"
"Microsoft Azure Sponsorship","cd7ad108-f6f9-4669-869b-e84a702ebec1","7/5/2025","0c873ca2-4113-4997-8cf6-ad5df5775599","Azure Cognitive Search","AI","All","Basic Unit","24","2.424000"
"Microsoft Azure Sponsorship","cd7ad108-f6f9-4669-869b-e84a702ebec1","7/6/2025","0c873ca2-4113-4997-8cf6-ad5df5775599","Azure Cognitive Search","AI","All","Basic Unit","24","2.424000"
"Microsoft Azure Sponsorship","cd7ad108-f6f9-4669-869b-e84a702ebec1","7/7/2025","0c873ca2-4113-4997-8cf6-ad5df5775599","Azure Cognitive Search","AI","All","Basic Unit","24","2.424000"
"Microsoft Azure Sponsorship","cd7ad108-f6f9-4669-869b-e84a702ebec1","7/8/2025","0c873ca2-4113-4997-8cf6-ad5df5775599","Azure Cognitive Search","AI","All","Basic Unit","24","2.424000"
"Microsoft Azure Sponsorship","cd7ad108-f6f9-4669-869b-e84a702ebec1","7/9/2025","0c873ca2-4113-4997-8cf6-ad5df5775599","Azure Cognitive Search","AI","All","Basic Unit","29","2.929000"
"Microsoft Azure Sponsorship","cd7ad108-f6f9-4669-869b-e84a702ebec1","7/10/2025","0c873ca2-4113-4997-8cf6-ad5df5775599","Azure Cognitive Search","AI","All","Basic Unit","48","4.848000"
"Microsoft Azure Sponsorship","cd7ad108-f6f9-4669-869b-e84a702ebec1","7/11/2025","0c873ca2-4113-4997-8cf6-ad5df5775599","Azure Cognitive Search","AI","All","Basic Unit","48","4.848000"
"Microsoft Azure Sponsorship","cd7ad108-f6f9-4669-869b-e84a702ebec1","7/12/2025","0c873ca2-4113-4997-8cf6-ad5df5775599","Azure Cognitive Search","AI","All","Basic Unit","48","4.848000"
"Microsoft Azure Sponsorship","cd7ad108-f6f9-4669-869b-e84a702ebec1","7/13/2025","0c873ca2-4113-4997-8cf6-ad5df5775599","Azure Cognitive Search","AI","All","Basic Unit","48","4.848000"
"Microsoft Azure Sponsorship","cd7ad108-f6f9-4669-869b-e84a702ebec1","7/14/2025","0c873ca2-4113-4997-8cf6-ad5df5775599","Azure Cognitive Search","AI","All","Basic Unit","48","4.848000"
"Microsoft Azure Sponsorship","cd7ad108-f6f9-4669-869b-e84a702ebec1","7/15/2025","0c873ca2-4113-4997-8cf6-ad5df5775599","Azure Cognitive Search","AI","All","Basic Unit","48","4.848000"
"Microsoft Azure Sponsorship","cd7ad108-f6f9-4669-869b-e84a702ebec1","7/16/2025","0c873ca2-4113-4997-8cf6-ad5df5775599","Azure Cognitive Search","AI","All","Basic Unit","48","4.848000"
"Microsoft Azure Sponsorship","cd7ad108-f6f9-4669-869b-e84a702ebec1","7/17/2025","0c873ca2-4113-4997-8cf6-ad5df5775599","Azure Cognitive Search","AI","All","Basic Unit","48","4.848000"
"Microsoft Azure Sponsorship","cd7ad108-f6f9-4669-869b-e84a702ebec1","7/18/2025","0c873ca2-4113-4997-8cf6-ad5df5775599","Azure Cognitive Search","AI","All","Basic Unit","4","0.404000"
"Microsoft Azure Sponsorship","cd7ad108-f6f9-4669-869b-e84a702ebec1","6/18/2025","f0da7054-89f3-5ba6-bea7-c210da5512d2","Cognitive Services","Azure OpenAI","US East","gpt-4-turbo128K Inp-glbl Tokens","8.969","0.089690"
"Microsoft Azure Sponsorship","cd7ad108-f6f9-4669-869b-e84a702ebec1","6/19/2025","f0da7054-89f3-5ba6-bea7-c210da5512d2","Cognitive Services","Azure OpenAI","US East","gpt-4-turbo128K Inp-glbl Tokens","2.511","0.025110"
"Microsoft Azure Sponsorship","cd7ad108-f6f9-4669-869b-e84a702ebec1","6/20/2025","f0da7054-89f3-5ba6-bea7-c210da5512d2","Cognitive Services","Azure OpenAI","US East","gpt-4-turbo128K Inp-glbl Tokens","0.428","0.004280"
"Microsoft Azure Sponsorship","cd7ad108-f6f9-4669-869b-e84a702ebec1","6/23/2025","f0da7054-89f3-5ba6-bea7-c210da5512d2","Cognitive Services","Azure OpenAI","US East","gpt-4-turbo128K Inp-glbl Tokens","11.686","0.116860"
"Microsoft Azure Sponsorship","cd7ad108-f6f9-4669-869b-e84a702ebec1","6/24/2025","f0da7054-89f3-5ba6-bea7-c210da5512d2","Cognitive Services","Azure OpenAI","US East","gpt-4-turbo128K Inp-glbl Tokens","9.098","0.090980"
"Microsoft Azure Sponsorship","cd7ad108-f6f9-4669-869b-e84a702ebec1","6/25/2025","f0da7054-89f3-5ba6-bea7-c210da5512d2","Cognitive Services","Azure OpenAI","US East","gpt-4-turbo128K Inp-glbl Tokens","16.467","0.164670"
"Microsoft Azure Sponsorship","cd7ad108-f6f9-4669-869b-e84a702ebec1","6/26/2025","f0da7054-89f3-5ba6-bea7-c210da5512d2","Cognitive Services","Azure OpenAI","US East","gpt-4-turbo128K Inp-glbl Tokens","4.887","0.048870"
"Microsoft Azure Sponsorship","cd7ad108-f6f9-4669-869b-e84a702ebec1","6/27/2025","f0da7054-89f3-5ba6-bea7-c210da5512d2","Cognitive Services","Azure OpenAI","US East","gpt-4-turbo128K Inp-glbl Tokens","6.455","0.064550"
"Microsoft Azure Sponsorship","cd7ad108-f6f9-4669-869b-e84a702ebec1","6/30/2025","f0da7054-89f3-5ba6-bea7-c210da5512d2","Cognitive Services","Azure OpenAI","US East","gpt-4-turbo128K Inp-glbl Tokens","66.863","0.668630"
"Microsoft Azure Sponsorship","cd7ad108-f6f9-4669-869b-e84a702ebec1","7/1/2025","f0da7054-89f3-5ba6-bea7-c210da5512d2","Cognitive Services","Azure OpenAI","US East","gpt-4-turbo128K Inp-glbl Tokens","12.33","0.123300"
"Microsoft Azure Sponsorship","cd7ad108-f6f9-4669-869b-e84a702ebec1","7/2/2025","f0da7054-89f3-5ba6-bea7-c210da5512d2","Cognitive Services","Azure OpenAI","US East","gpt-4-turbo128K Inp-glbl Tokens","48.977","0.489770"
"Microsoft Azure Sponsorship","cd7ad108-f6f9-4669-869b-e84a702ebec1","7/3/2025","f0da7054-89f3-5ba6-bea7-c210da5512d2","Cognitive Services","Azure OpenAI","US East","gpt-4-turbo128K Inp-glbl Tokens","4.769","0.047690"
"Microsoft Azure Sponsorship","cd7ad108-f6f9-4669-869b-e84a702ebec1","7/4/2025","f0da7054-89f3-5ba6-bea7-c210da5512d2","Cognitive Services","Azure OpenAI","US East","gpt-4-turbo128K Inp-glbl Tokens","0.872","0.008720"
"Microsoft Azure Sponsorship","cd7ad108-f6f9-4669-869b-e84a702ebec1","7/5/2025","f0da7054-89f3-5ba6-bea7-c210da5512d2","Cognitive Services","Azure OpenAI","US East","gpt-4-turbo128K Inp-glbl Tokens","13.117","0.131170"
"Microsoft Azure Sponsorship","cd7ad108-f6f9-4669-869b-e84a702ebec1","7/6/2025","f0da7054-89f3-5ba6-bea7-c210da5512d2","Cognitive Services","Azure OpenAI","US East","gpt-4-turbo128K Inp-glbl Tokens","8.628","0.086280"
"Microsoft Azure Sponsorship","cd7ad108-f6f9-4669-869b-e84a702ebec1","7/7/2025","f0da7054-89f3-5ba6-bea7-c210da5512d2","Cognitive Services","Azure OpenAI","US East","gpt-4-turbo128K Inp-glbl Tokens","9.474","0.094740"
"Microsoft Azure Sponsorship","cd7ad108-f6f9-4669-869b-e84a702ebec1","7/8/2025","f0da7054-89f3-5ba6-bea7-c210da5512d2","Cognitive Services","Azure OpenAI","US East","gpt-4-turbo128K Inp-glbl Tokens","1.423","0.014230"
"Microsoft Azure Sponsorship","cd7ad108-f6f9-4669-869b-e84a702ebec1","7/9/2025","f0da7054-89f3-5ba6-bea7-c210da5512d2","Cognitive Services","Azure OpenAI","US East","gpt-4-turbo128K Inp-glbl Tokens","7.027","0.070270"
"Microsoft Azure Sponsorship","cd7ad108-f6f9-4669-869b-e84a702ebec1","7/10/2025","f0da7054-89f3-5ba6-bea7-c210da5512d2","Cognitive Services","Azure OpenAI","US East","gpt-4-turbo128K Inp-glbl Tokens","88.906","0.889060"
"Microsoft Azure Sponsorship","cd7ad108-f6f9-4669-869b-e84a702ebec1","7/11/2025","f0da7054-89f3-5ba6-bea7-c210da5512d2","Cognitive Services","Azure OpenAI","US East","gpt-4-turbo128K Inp-glbl Tokens","10.982","0.109820"
"Microsoft Azure Sponsorship","cd7ad108-f6f9-4669-869b-e84a702ebec1","7/13/2025","f0da7054-89f3-5ba6-bea7-c210da5512d2","Cognitive Services","Azure OpenAI","US East","gpt-4-turbo128K Inp-glbl Tokens","78.274","0.782740"
"Microsoft Azure Sponsorship","cd7ad108-f6f9-4669-869b-e84a702ebec1","7/14/2025","f0da7054-89f3-5ba6-bea7-c210da5512d2","Cognitive Services","Azure OpenAI","US East","gpt-4-turbo128K Inp-glbl Tokens","32.92","0.329200"
"Microsoft Azure Sponsorship","cd7ad108-f6f9-4669-869b-e84a702ebec1","7/15/2025","f0da7054-89f3-5ba6-bea7-c210da5512d2","Cognitive Services","Azure OpenAI","US East","gpt-4-turbo128K Inp-glbl Tokens","35.23","0.352300"
"Microsoft Azure Sponsorship","cd7ad108-f6f9-4669-869b-e84a702ebec1","7/16/2025","f0da7054-89f3-5ba6-bea7-c210da5512d2","Cognitive Services","Azure OpenAI","US East","gpt-4-turbo128K Inp-glbl Tokens","71.584","0.715840"
"Microsoft Azure Sponsorship","cd7ad108-f6f9-4669-869b-e84a702ebec1","7/17/2025","f0da7054-89f3-5ba6-bea7-c210da5512d2","Cognitive Services","Azure OpenAI","US East","gpt-4-turbo128K Inp-glbl Tokens","15.996","0.159960"
"Microsoft Azure Sponsorship","cd7ad108-f6f9-4669-869b-e84a702ebec1","7/9/2025","e3228583-a0d8-55ae-a1ca-ce6c215613de","Cognitive Services","Azure OpenAI","AU East","gpt-4.1-mini-dev-ft opt glbl Tokens","0.399","0.000639"
"Microsoft Azure Sponsorship","cd7ad108-f6f9-4669-869b-e84a702ebec1","6/18/2025","dfc98ede-c33f-51bb-ab7a-d5f68263927b","Azure App Service","Premium Plan - Linux","CA Central","P0v3 App","24","2.016000"
"Microsoft Azure Sponsorship","cd7ad108-f6f9-4669-869b-e84a702ebec1","6/19/2025","dfc98ede-c33f-51bb-ab7a-d5f68263927b","Azure App Service","Premium Plan - Linux","CA Central","P0v3 App","24","2.016000"
"Microsoft Azure Sponsorship","cd7ad108-f6f9-4669-869b-e84a702ebec1","6/20/2025","dfc98ede-c33f-51bb-ab7a-d5f68263927b","Azure App Service","Premium Plan - Linux","CA Central","P0v3 App","24","2.016000"
"Microsoft Azure Sponsorship","cd7ad108-f6f9-4669-869b-e84a702ebec1","6/21/2025","dfc98ede-c33f-51bb-ab7a-d5f68263927b","Azure App Service","Premium Plan - Linux","CA Central","P0v3 App","24","2.016000"
"Microsoft Azure Sponsorship","cd7ad108-f6f9-4669-869b-e84a702ebec1","6/22/2025","dfc98ede-c33f-51bb-ab7a-d5f68263927b","Azure App Service","Premium Plan - Linux","CA Central","P0v3 App","24","2.016000"
"Microsoft Azure Sponsorship","cd7ad108-f6f9-4669-869b-e84a702ebec1","6/23/2025","dfc98ede-c33f-51bb-ab7a-d5f68263927b","Azure App Service","Premium Plan - Linux","CA Central","P0v3 App","24","2.016000"
"Microsoft Azure Sponsorship","cd7ad108-f6f9-4669-869b-e84a702ebec1","6/24/2025","dfc98ede-c33f-51bb-ab7a-d5f68263927b","Azure App Service","Premium Plan - Linux","CA Central","P0v3 App","24","2.016000"
"Microsoft Azure Sponsorship","cd7ad108-f6f9-4669-869b-e84a702ebec1","6/25/2025","dfc98ede-c33f-51bb-ab7a-d5f68263927b","Azure App Service","Premium Plan - Linux","CA Central","P0v3 App","24","2.016000"
"Microsoft Azure Sponsorship","cd7ad108-f6f9-4669-869b-e84a702ebec1","6/26/2025","dfc98ede-c33f-51bb-ab7a-d5f68263927b","Azure App Service","Premium Plan - Linux","CA Central","P0v3 App","24","2.016000"
"Microsoft Azure Sponsorship","cd7ad108-f6f9-4669-869b-e84a702ebec1","6/27/2025","dfc98ede-c33f-51bb-ab7a-d5f68263927b","Azure App Service","Premium Plan - Linux","CA Central","P0v3 App","24","2.016000"
"Microsoft Azure Sponsorship","cd7ad108-f6f9-4669-869b-e84a702ebec1","6/28/2025","dfc98ede-c33f-51bb-ab7a-d5f68263927b","Azure App Service","Premium Plan - Linux","CA Central","P0v3 App","24","2.016000"
"Microsoft Azure Sponsorship","cd7ad108-f6f9-4669-869b-e84a702ebec1","6/29/2025","dfc98ede-c33f-51bb-ab7a-d5f68263927b","Azure App Service","Premium Plan - Linux","CA Central","P0v3 App","24","2.016000"
"Microsoft Azure Sponsorship","cd7ad108-f6f9-4669-869b-e84a702ebec1","6/30/2025","dfc98ede-c33f-51bb-ab7a-d5f68263927b","Azure App Service","Premium Plan - Linux","CA Central","P0v3 App","24","2.016000"
"Microsoft Azure Sponsorship","cd7ad108-f6f9-4669-869b-e84a702ebec1","7/1/2025","dfc98ede-c33f-51bb-ab7a-d5f68263927b","Azure App Service","Premium Plan - Linux","CA Central","P0v3 App","24","2.016000"
"Microsoft Azure Sponsorship","cd7ad108-f6f9-4669-869b-e84a702ebec1","7/2/2025","dfc98ede-c33f-51bb-ab7a-d5f68263927b","Azure App Service","Premium Plan - Linux","CA Central","P0v3 App","24","2.016000"
"Microsoft Azure Sponsorship","cd7ad108-f6f9-4669-869b-e84a702ebec1","7/3/2025","dfc98ede-c33f-51bb-ab7a-d5f68263927b","Azure App Service","Premium Plan - Linux","CA Central","P0v3 App","24","2.016000"
"Microsoft Azure Sponsorship","cd7ad108-f6f9-4669-869b-e84a702ebec1","7/4/2025","dfc98ede-c33f-51bb-ab7a-d5f68263927b","Azure App Service","Premium Plan - Linux","CA Central","P0v3 App","24","2.016000"
"Microsoft Azure Sponsorship","cd7ad108-f6f9-4669-869b-e84a702ebec1","7/5/2025","dfc98ede-c33f-51bb-ab7a-d5f68263927b","Azure App Service","Premium Plan - Linux","CA Central","P0v3 App","24","2.016000"
"Microsoft Azure Sponsorship","cd7ad108-f6f9-4669-869b-e84a702ebec1","7/6/2025","dfc98ede-c33f-51bb-ab7a-d5f68263927b","Azure App Service","Premium Plan - Linux","CA Central","P0v3 App","24","2.016000"
"Microsoft Azure Sponsorship","cd7ad108-f6f9-4669-869b-e84a702ebec1","7/7/2025","dfc98ede-c33f-51bb-ab7a-d5f68263927b","Azure App Service","Premium Plan - Linux","CA Central","P0v3 App","24","2.016000"
"Microsoft Azure Sponsorship","cd7ad108-f6f9-4669-869b-e84a702ebec1","7/8/2025","dfc98ede-c33f-51bb-ab7a-d5f68263927b","Azure App Service","Premium Plan - Linux","CA Central","P0v3 App","24","2.016000"
"Microsoft Azure Sponsorship","cd7ad108-f6f9-4669-869b-e84a702ebec1","7/9/2025","dfc98ede-c33f-51bb-ab7a-d5f68263927b","Azure App Service","Premium Plan - Linux","CA Central","P0v3 App","30","2.520000"
"Microsoft Azure Sponsorship","cd7ad108-f6f9-4669-869b-e84a702ebec1","7/10/2025","dfc98ede-c33f-51bb-ab7a-d5f68263927b","Azure App Service","Premium Plan - Linux","CA Central","P0v3 App","48","4.032000"
"Microsoft Azure Sponsorship","cd7ad108-f6f9-4669-869b-e84a702ebec1","7/11/2025","dfc98ede-c33f-51bb-ab7a-d5f68263927b","Azure App Service","Premium Plan - Linux","CA Central","P0v3 App","48","4.032000"
"Microsoft Azure Sponsorship","cd7ad108-f6f9-4669-869b-e84a702ebec1","7/12/2025","dfc98ede-c33f-51bb-ab7a-d5f68263927b","Azure App Service","Premium Plan - Linux","CA Central","P0v3 App","48","4.032000"
"Microsoft Azure Sponsorship","cd7ad108-f6f9-4669-869b-e84a702ebec1","7/13/2025","dfc98ede-c33f-51bb-ab7a-d5f68263927b","Azure App Service","Premium Plan - Linux","CA Central","P0v3 App","48","4.032000"
"Microsoft Azure Sponsorship","cd7ad108-f6f9-4669-869b-e84a702ebec1","7/14/2025","dfc98ede-c33f-51bb-ab7a-d5f68263927b","Azure App Service","Premium Plan - Linux","CA Central","P0v3 App","48","4.032000"
"Microsoft Azure Sponsorship","cd7ad108-f6f9-4669-869b-e84a702ebec1","7/15/2025","dfc98ede-c33f-51bb-ab7a-d5f68263927b","Azure App Service","Premium Plan - Linux","CA Central","P0v3 App","48","4.032000"
"Microsoft Azure Sponsorship","cd7ad108-f6f9-4669-869b-e84a702ebec1","7/16/2025","dfc98ede-c33f-51bb-ab7a-d5f68263927b","Azure App Service","Premium Plan - Linux","CA Central","P0v3 App","48","4.032000"
"Microsoft Azure Sponsorship","cd7ad108-f6f9-4669-869b-e84a702ebec1","7/17/2025","dfc98ede-c33f-51bb-ab7a-d5f68263927b","Azure App Service","Premium Plan - Linux","CA Central","P0v3 App","48","4.032000"
"Microsoft Azure Sponsorship","cd7ad108-f6f9-4669-869b-e84a702ebec1","7/18/2025","dfc98ede-c33f-51bb-ab7a-d5f68263927b","Azure App Service","Premium Plan - Linux","CA Central","P0v3 App","4","0.336000"
"Microsoft Azure Sponsorship","cd7ad108-f6f9-4669-869b-e84a702ebec1","7/3/2025","036fcc20-399f-4822-b568-d96c62899d1d","Azure Cognitive Search","AI","All","Document Cracking Image Extraction","0.16","0.160000"
"Microsoft Azure Sponsorship","cd7ad108-f6f9-4669-869b-e84a702ebec1","7/3/2025","7b5c8556-24e2-42bc-8f46-da45ac53aee4","Storage","Tiered Block Blob","US East","Hot GRS Write Operations","0.0003","0.000030"
"Microsoft Azure Sponsorship","cd7ad108-f6f9-4669-869b-e84a702ebec1","6/23/2025","99243eec-b65c-56e6-95f7-dc72d3c4d7e9","Storage","Tiered Block Blob","IT North","Hot Read Operations","0.0004","0.000000"
"Microsoft Azure Sponsorship","cd7ad108-f6f9-4669-869b-e84a702ebec1","6/24/2025","99243eec-b65c-56e6-95f7-dc72d3c4d7e9","Storage","Tiered Block Blob","IT North","Hot Read Operations","0.0001","0.000000"
"Microsoft Azure Sponsorship","cd7ad108-f6f9-4669-869b-e84a702ebec1","6/25/2025","99243eec-b65c-56e6-95f7-dc72d3c4d7e9","Storage","Tiered Block Blob","IT North","Hot Read Operations","0.0002","0.000001"
"Microsoft Azure Sponsorship","cd7ad108-f6f9-4669-869b-e84a702ebec1","6/27/2025","99243eec-b65c-56e6-95f7-dc72d3c4d7e9","Storage","Tiered Block Blob","IT North","Hot Read Operations","0.0001","0.000000"
"Microsoft Azure Sponsorship","cd7ad108-f6f9-4669-869b-e84a702ebec1","6/28/2025","99243eec-b65c-56e6-95f7-dc72d3c4d7e9","Storage","Tiered Block Blob","IT North","Hot Read Operations","0.0001","0.000000"
"Microsoft Azure Sponsorship","cd7ad108-f6f9-4669-869b-e84a702ebec1","6/30/2025","99243eec-b65c-56e6-95f7-dc72d3c4d7e9","Storage","Tiered Block Blob","IT North","Hot Read Operations","0.001","0.000004"
"Microsoft Azure Sponsorship","cd7ad108-f6f9-4669-869b-e84a702ebec1","7/1/2025","99243eec-b65c-56e6-95f7-dc72d3c4d7e9","Storage","Tiered Block Blob","IT North","Hot Read Operations","0.0002","0.000000"
"Microsoft Azure Sponsorship","cd7ad108-f6f9-4669-869b-e84a702ebec1","7/2/2025","99243eec-b65c-56e6-95f7-dc72d3c4d7e9","Storage","Tiered Block Blob","IT North","Hot Read Operations","0.0004","0.000001"
"Microsoft Azure Sponsorship","cd7ad108-f6f9-4669-869b-e84a702ebec1","7/3/2025","99243eec-b65c-56e6-95f7-dc72d3c4d7e9","Storage","Tiered Block Blob","IT North","Hot Read Operations","0.0003","0.000000"
"Microsoft Azure Sponsorship","cd7ad108-f6f9-4669-869b-e84a702ebec1","7/5/2025","99243eec-b65c-56e6-95f7-dc72d3c4d7e9","Storage","Tiered Block Blob","IT North","Hot Read Operations","0.0001","0.000000"
"Microsoft Azure Sponsorship","cd7ad108-f6f9-4669-869b-e84a702ebec1","7/7/2025","99243eec-b65c-56e6-95f7-dc72d3c4d7e9","Storage","Tiered Block Blob","IT North","Hot Read Operations","0.0006","0.000002"
"Microsoft Azure Sponsorship","cd7ad108-f6f9-4669-869b-e84a702ebec1","7/8/2025","99243eec-b65c-56e6-95f7-dc72d3c4d7e9","Storage","Tiered Block Blob","IT North","Hot Read Operations","0.0001","0.000000"
"Microsoft Azure Sponsorship","cd7ad108-f6f9-4669-869b-e84a702ebec1","7/11/2025","99243eec-b65c-56e6-95f7-dc72d3c4d7e9","Storage","Tiered Block Blob","IT North","Hot Read Operations","0.0008","0.000004"
"Microsoft Azure Sponsorship","cd7ad108-f6f9-4669-869b-e84a702ebec1","7/15/2025","99243eec-b65c-56e6-95f7-dc72d3c4d7e9","Storage","Tiered Block Blob","IT North","Hot Read Operations","0.0002","0.000000"
"Microsoft Azure Sponsorship","cd7ad108-f6f9-4669-869b-e84a702ebec1","7/17/2025","99243eec-b65c-56e6-95f7-dc72d3c4d7e9","Storage","Tiered Block Blob","IT North","Hot Read Operations","0.0002","0.000000"
"Microsoft Azure Sponsorship","cd7ad108-f6f9-4669-869b-e84a702ebec1","6/18/2025","3ba7b4f7-d853-55b2-ab71-dcbee21a6277","Cognitive Services","Azure OpenAI","US East","gpt 4o 1120 Inp glbl Tokens","0.149","0.000373"
"Microsoft Azure Sponsorship","cd7ad108-f6f9-4669-869b-e84a702ebec1","7/3/2025","a4d4f647-f54e-400b-a11a-dcf256afa091","Storage","Bandwidth","US East","Geo-Replication v2 Data transfer","0.013288","0.000266"
"Microsoft Azure Sponsorship","cd7ad108-f6f9-4669-869b-e84a702ebec1","6/18/2025","5d335e0e-0d2d-5c01-b121-e65bd1347166","Storage","Tiered Block Blob","IT North","All Other Operations","0.0006","0.000001"
"Microsoft Azure Sponsorship","cd7ad108-f6f9-4669-869b-e84a702ebec1","6/19/2025","5d335e0e-0d2d-5c01-b121-e65bd1347166","Storage","Tiered Block Blob","IT North","All Other Operations","0.0006","0.000001"
"Microsoft Azure Sponsorship","cd7ad108-f6f9-4669-869b-e84a702ebec1","6/20/2025","5d335e0e-0d2d-5c01-b121-e65bd1347166","Storage","Tiered Block Blob","IT North","All Other Operations","0.0006","0.000001"
"Microsoft Azure Sponsorship","cd7ad108-f6f9-4669-869b-e84a702ebec1","6/21/2025","5d335e0e-0d2d-5c01-b121-e65bd1347166","Storage","Tiered Block Blob","IT North","All Other Operations","0.0006","0.000001"
"Microsoft Azure Sponsorship","cd7ad108-f6f9-4669-869b-e84a702ebec1","6/22/2025","5d335e0e-0d2d-5c01-b121-e65bd1347166","Storage","Tiered Block Blob","IT North","All Other Operations","0.0006","0.000001"
"Microsoft Azure Sponsorship","cd7ad108-f6f9-4669-869b-e84a702ebec1","6/23/2025","5d335e0e-0d2d-5c01-b121-e65bd1347166","Storage","Tiered Block Blob","IT North","All Other Operations","0.001","0.000003"
"Microsoft Azure Sponsorship","cd7ad108-f6f9-4669-869b-e84a702ebec1","6/24/2025","5d335e0e-0d2d-5c01-b121-e65bd1347166","Storage","Tiered Block Blob","IT North","All Other Operations","0.0006","0.000001"
"Microsoft Azure Sponsorship","cd7ad108-f6f9-4669-869b-e84a702ebec1","6/25/2025","5d335e0e-0d2d-5c01-b121-e65bd1347166","Storage","Tiered Block Blob","IT North","All Other Operations","0.0006","0.000001"
"Microsoft Azure Sponsorship","cd7ad108-f6f9-4669-869b-e84a702ebec1","6/26/2025","5d335e0e-0d2d-5c01-b121-e65bd1347166","Storage","Tiered Block Blob","IT North","All Other Operations","0.0012","0.000004"
"Microsoft Azure Sponsorship","cd7ad108-f6f9-4669-869b-e84a702ebec1","6/27/2025","5d335e0e-0d2d-5c01-b121-e65bd1347166","Storage","Tiered Block Blob","IT North","All Other Operations","0.0006","0.000001"
"Microsoft Azure Sponsorship","cd7ad108-f6f9-4669-869b-e84a702ebec1","6/28/2025","5d335e0e-0d2d-5c01-b121-e65bd1347166","Storage","Tiered Block Blob","IT North","All Other Operations","0.0006","0.000001"
"Microsoft Azure Sponsorship","cd7ad108-f6f9-4669-869b-e84a702ebec1","6/29/2025","5d335e0e-0d2d-5c01-b121-e65bd1347166","Storage","Tiered Block Blob","IT North","All Other Operations","0.0006","0.000001"
"Microsoft Azure Sponsorship","cd7ad108-f6f9-4669-869b-e84a702ebec1","6/30/2025","5d335e0e-0d2d-5c01-b121-e65bd1347166","Storage","Tiered Block Blob","IT North","All Other Operations","0.0006","0.000001"
"Microsoft Azure Sponsorship","cd7ad108-f6f9-4669-869b-e84a702ebec1","7/1/2025","5d335e0e-0d2d-5c01-b121-e65bd1347166","Storage","Tiered Block Blob","IT North","All Other Operations","0.0006","0.000001"
"Microsoft Azure Sponsorship","cd7ad108-f6f9-4669-869b-e84a702ebec1","7/2/2025","5d335e0e-0d2d-5c01-b121-e65bd1347166","Storage","Tiered Block Blob","IT North","All Other Operations","0.0008","0.000002"
"Microsoft Azure Sponsorship","cd7ad108-f6f9-4669-869b-e84a702ebec1","7/3/2025","5d335e0e-0d2d-5c01-b121-e65bd1347166","Storage","Tiered Block Blob","IT North","All Other Operations","0.0006","0.000001"
"Microsoft Azure Sponsorship","cd7ad108-f6f9-4669-869b-e84a702ebec1","7/4/2025","5d335e0e-0d2d-5c01-b121-e65bd1347166","Storage","Tiered Block Blob","IT North","All Other Operations","0.0006","0.000001"
"Microsoft Azure Sponsorship","cd7ad108-f6f9-4669-869b-e84a702ebec1","7/5/2025","5d335e0e-0d2d-5c01-b121-e65bd1347166","Storage","Tiered Block Blob","IT North","All Other Operations","0.001","0.000003"
"Microsoft Azure Sponsorship","cd7ad108-f6f9-4669-869b-e84a702ebec1","7/6/2025","5d335e0e-0d2d-5c01-b121-e65bd1347166","Storage","Tiered Block Blob","IT North","All Other Operations","0.0008","0.000002"
"Microsoft Azure Sponsorship","cd7ad108-f6f9-4669-869b-e84a702ebec1","7/7/2025","5d335e0e-0d2d-5c01-b121-e65bd1347166","Storage","Tiered Block Blob","IT North","All Other Operations","0.0006","0.000001"
"Microsoft Azure Sponsorship","cd7ad108-f6f9-4669-869b-e84a702ebec1","7/8/2025","5d335e0e-0d2d-5c01-b121-e65bd1347166","Storage","Tiered Block Blob","IT North","All Other Operations","0.0006","0.000001"
"Microsoft Azure Sponsorship","cd7ad108-f6f9-4669-869b-e84a702ebec1","7/9/2025","5d335e0e-0d2d-5c01-b121-e65bd1347166","Storage","Tiered Block Blob","IT North","All Other Operations","0.0007","0.000001"
"Microsoft Azure Sponsorship","cd7ad108-f6f9-4669-869b-e84a702ebec1","7/10/2025","5d335e0e-0d2d-5c01-b121-e65bd1347166","Storage","Tiered Block Blob","IT North","All Other Operations","0.0012","0.000002"
"Microsoft Azure Sponsorship","cd7ad108-f6f9-4669-869b-e84a702ebec1","7/11/2025","5d335e0e-0d2d-5c01-b121-e65bd1347166","Storage","Tiered Block Blob","IT North","All Other Operations","0.0016","0.000004"
"Microsoft Azure Sponsorship","cd7ad108-f6f9-4669-869b-e84a702ebec1","7/12/2025","5d335e0e-0d2d-5c01-b121-e65bd1347166","Storage","Tiered Block Blob","IT North","All Other Operations","0.0012","0.000002"
"Microsoft Azure Sponsorship","cd7ad108-f6f9-4669-869b-e84a702ebec1","7/13/2025","5d335e0e-0d2d-5c01-b121-e65bd1347166","Storage","Tiered Block Blob","IT North","All Other Operations","0.0012","0.000002"
"Microsoft Azure Sponsorship","cd7ad108-f6f9-4669-869b-e84a702ebec1","7/14/2025","5d335e0e-0d2d-5c01-b121-e65bd1347166","Storage","Tiered Block Blob","IT North","All Other Operations","0.0012","0.000002"
"Microsoft Azure Sponsorship","cd7ad108-f6f9-4669-869b-e84a702ebec1","7/15/2025","5d335e0e-0d2d-5c01-b121-e65bd1347166","Storage","Tiered Block Blob","IT North","All Other Operations","0.0012","0.000002"
"Microsoft Azure Sponsorship","cd7ad108-f6f9-4669-869b-e84a702ebec1","7/16/2025","5d335e0e-0d2d-5c01-b121-e65bd1347166","Storage","Tiered Block Blob","IT North","All Other Operations","0.0012","0.000002"
"Microsoft Azure Sponsorship","cd7ad108-f6f9-4669-869b-e84a702ebec1","7/17/2025","5d335e0e-0d2d-5c01-b121-e65bd1347166","Storage","Tiered Block Blob","IT North","All Other Operations","0.0012","0.000002"
"Microsoft Azure Sponsorship","cd7ad108-f6f9-4669-869b-e84a702ebec1","7/18/2025","5d335e0e-0d2d-5c01-b121-e65bd1347166","Storage","Tiered Block Blob","IT North","All Other Operations","0.0002","0.000000"
"Microsoft Azure Sponsorship","cd7ad108-f6f9-4669-869b-e84a702ebec1","6/18/2025","dc904e1c-4649-441f-82d4-e73b9076d8d9","Storage","Tiered Block Blob","US East","GRS List and Create Container Operations","0.0026","0.000260"
"Microsoft Azure Sponsorship","cd7ad108-f6f9-4669-869b-e84a702ebec1","6/19/2025","dc904e1c-4649-441f-82d4-e73b9076d8d9","Storage","Tiered Block Blob","US East","GRS List and Create Container Operations","0.0026","0.000260"
"Microsoft Azure Sponsorship","cd7ad108-f6f9-4669-869b-e84a702ebec1","6/20/2025","dc904e1c-4649-441f-82d4-e73b9076d8d9","Storage","Tiered Block Blob","US East","GRS List and Create Container Operations","0.0026","0.000260"
"Microsoft Azure Sponsorship","cd7ad108-f6f9-4669-869b-e84a702ebec1","6/21/2025","dc904e1c-4649-441f-82d4-e73b9076d8d9","Storage","Tiered Block Blob","US East","GRS List and Create Container Operations","0.0026","0.000260"
"Microsoft Azure Sponsorship","cd7ad108-f6f9-4669-869b-e84a702ebec1","6/22/2025","dc904e1c-4649-441f-82d4-e73b9076d8d9","Storage","Tiered Block Blob","US East","GRS List and Create Container Operations","0.0026","0.000260"
"Microsoft Azure Sponsorship","cd7ad108-f6f9-4669-869b-e84a702ebec1","6/23/2025","dc904e1c-4649-441f-82d4-e73b9076d8d9","Storage","Tiered Block Blob","US East","GRS List and Create Container Operations","0.0028","0.000280"
"Microsoft Azure Sponsorship","cd7ad108-f6f9-4669-869b-e84a702ebec1","6/24/2025","dc904e1c-4649-441f-82d4-e73b9076d8d9","Storage","Tiered Block Blob","US East","GRS List and Create Container Operations","0.0026","0.000260"
"Microsoft Azure Sponsorship","cd7ad108-f6f9-4669-869b-e84a702ebec1","6/25/2025","dc904e1c-4649-441f-82d4-e73b9076d8d9","Storage","Tiered Block Blob","US East","GRS List and Create Container Operations","0.0026","0.000260"
"Microsoft Azure Sponsorship","cd7ad108-f6f9-4669-869b-e84a702ebec1","6/26/2025","dc904e1c-4649-441f-82d4-e73b9076d8d9","Storage","Tiered Block Blob","US East","GRS List and Create Container Operations","0.0026","0.000260"
"Microsoft Azure Sponsorship","cd7ad108-f6f9-4669-869b-e84a702ebec1","6/27/2025","dc904e1c-4649-441f-82d4-e73b9076d8d9","Storage","Tiered Block Blob","US East","GRS List and Create Container Operations","0.0026","0.000260"
"Microsoft Azure Sponsorship","cd7ad108-f6f9-4669-869b-e84a702ebec1","6/28/2025","dc904e1c-4649-441f-82d4-e73b9076d8d9","Storage","Tiered Block Blob","US East","GRS List and Create Container Operations","0.0026","0.000260"
"Microsoft Azure Sponsorship","cd7ad108-f6f9-4669-869b-e84a702ebec1","6/29/2025","dc904e1c-4649-441f-82d4-e73b9076d8d9","Storage","Tiered Block Blob","US East","GRS List and Create Container Operations","0.0026","0.000260"
"Microsoft Azure Sponsorship","cd7ad108-f6f9-4669-869b-e84a702ebec1","6/30/2025","dc904e1c-4649-441f-82d4-e73b9076d8d9","Storage","Tiered Block Blob","US East","GRS List and Create Container Operations","0.0026","0.000260"
"Microsoft Azure Sponsorship","cd7ad108-f6f9-4669-869b-e84a702ebec1","7/1/2025","dc904e1c-4649-441f-82d4-e73b9076d8d9","Storage","Tiered Block Blob","US East","GRS List and Create Container Operations","0.0026","0.000260"
"Microsoft Azure Sponsorship","cd7ad108-f6f9-4669-869b-e84a702ebec1","7/2/2025","dc904e1c-4649-441f-82d4-e73b9076d8d9","Storage","Tiered Block Blob","US East","GRS List and Create Container Operations","0.0026","0.000260"
"Microsoft Azure Sponsorship","cd7ad108-f6f9-4669-869b-e84a702ebec1","7/3/2025","dc904e1c-4649-441f-82d4-e73b9076d8d9","Storage","Tiered Block Blob","US East","GRS List and Create Container Operations","0.0035","0.000350"
"Microsoft Azure Sponsorship","cd7ad108-f6f9-4669-869b-e84a702ebec1","7/4/2025","dc904e1c-4649-441f-82d4-e73b9076d8d9","Storage","Tiered Block Blob","US East","GRS List and Create Container Operations","0.003","0.000300"
"Microsoft Azure Sponsorship","cd7ad108-f6f9-4669-869b-e84a702ebec1","7/5/2025","dc904e1c-4649-441f-82d4-e73b9076d8d9","Storage","Tiered Block Blob","US East","GRS List and Create Container Operations","0.0026","0.000260"
"Microsoft Azure Sponsorship","cd7ad108-f6f9-4669-869b-e84a702ebec1","7/6/2025","dc904e1c-4649-441f-82d4-e73b9076d8d9","Storage","Tiered Block Blob","US East","GRS List and Create Container Operations","0.0026","0.000260"
"Microsoft Azure Sponsorship","cd7ad108-f6f9-4669-869b-e84a702ebec1","7/7/2025","dc904e1c-4649-441f-82d4-e73b9076d8d9","Storage","Tiered Block Blob","US East","GRS List and Create Container Operations","0.0026","0.000260"
"Microsoft Azure Sponsorship","cd7ad108-f6f9-4669-869b-e84a702ebec1","7/8/2025","dc904e1c-4649-441f-82d4-e73b9076d8d9","Storage","Tiered Block Blob","US East","GRS List and Create Container Operations","0.0026","0.000260"
"Microsoft Azure Sponsorship","cd7ad108-f6f9-4669-869b-e84a702ebec1","7/9/2025","dc904e1c-4649-441f-82d4-e73b9076d8d9","Storage","Tiered Block Blob","US East","GRS List and Create Container Operations","0.0031","0.000310"
"Microsoft Azure Sponsorship","cd7ad108-f6f9-4669-869b-e84a702ebec1","7/10/2025","dc904e1c-4649-441f-82d4-e73b9076d8d9","Storage","Tiered Block Blob","US East","GRS List and Create Container Operations","0.0052","0.000520"
"Microsoft Azure Sponsorship","cd7ad108-f6f9-4669-869b-e84a702ebec1","7/11/2025","dc904e1c-4649-441f-82d4-e73b9076d8d9","Storage","Tiered Block Blob","US East","GRS List and Create Container Operations","0.0052","0.000520"
"Microsoft Azure Sponsorship","cd7ad108-f6f9-4669-869b-e84a702ebec1","7/12/2025","dc904e1c-4649-441f-82d4-e73b9076d8d9","Storage","Tiered Block Blob","US East","GRS List and Create Container Operations","0.0052","0.000520"
"Microsoft Azure Sponsorship","cd7ad108-f6f9-4669-869b-e84a702ebec1","7/13/2025","dc904e1c-4649-441f-82d4-e73b9076d8d9","Storage","Tiered Block Blob","US East","GRS List and Create Container Operations","0.0052","0.000520"
"Microsoft Azure Sponsorship","cd7ad108-f6f9-4669-869b-e84a702ebec1","7/14/2025","dc904e1c-4649-441f-82d4-e73b9076d8d9","Storage","Tiered Block Blob","US East","GRS List and Create Container Operations","0.0052","0.000520"
"Microsoft Azure Sponsorship","cd7ad108-f6f9-4669-869b-e84a702ebec1","7/15/2025","dc904e1c-4649-441f-82d4-e73b9076d8d9","Storage","Tiered Block Blob","US East","GRS List and Create Container Operations","0.0052","0.000520"
"Microsoft Azure Sponsorship","cd7ad108-f6f9-4669-869b-e84a702ebec1","7/16/2025","dc904e1c-4649-441f-82d4-e73b9076d8d9","Storage","Tiered Block Blob","US East","GRS List and Create Container Operations","0.0052","0.000520"
"Microsoft Azure Sponsorship","cd7ad108-f6f9-4669-869b-e84a702ebec1","7/17/2025","dc904e1c-4649-441f-82d4-e73b9076d8d9","Storage","Tiered Block Blob","US East","GRS List and Create Container Operations","0.0052","0.000520"
"Microsoft Azure Sponsorship","cd7ad108-f6f9-4669-869b-e84a702ebec1","7/18/2025","dc904e1c-4649-441f-82d4-e73b9076d8d9","Storage","Tiered Block Blob","US East","GRS List and Create Container Operations","0.0008","0.000080"
"Microsoft Azure Sponsorship","cd7ad108-f6f9-4669-869b-e84a702ebec1","6/23/2025","1dd1220f-3bc9-5b55-9e5b-ebeb622006e6","Azure Applied AI Services","Document Intelligence","US East","Free Transactions","0.001","0.000000"
"Microsoft Azure Sponsorship","cd7ad108-f6f9-4669-869b-e84a702ebec1","6/24/2025","1dd1220f-3bc9-5b55-9e5b-ebeb622006e6","Azure Applied AI Services","Document Intelligence","US East","Free Transactions","0.001","0.000000"
"Microsoft Azure Sponsorship","cd7ad108-f6f9-4669-869b-e84a702ebec1","6/25/2025","1dd1220f-3bc9-5b55-9e5b-ebeb622006e6","Azure Applied AI Services","Document Intelligence","US East","Free Transactions","0.001","0.000000"
"Microsoft Azure Sponsorship","cd7ad108-f6f9-4669-869b-e84a702ebec1","6/30/2025","1dd1220f-3bc9-5b55-9e5b-ebeb622006e6","Azure Applied AI Services","Document Intelligence","US East","Free Transactions","0.001","0.000000"
"Microsoft Azure Sponsorship","cd7ad108-f6f9-4669-869b-e84a702ebec1","7/1/2025","1dd1220f-3bc9-5b55-9e5b-ebeb622006e6","Azure Applied AI Services","Document Intelligence","US East","Free Transactions","0.001","0.000000"
"Microsoft Azure Sponsorship","cd7ad108-f6f9-4669-869b-e84a702ebec1","7/2/2025","1dd1220f-3bc9-5b55-9e5b-ebeb622006e6","Azure Applied AI Services","Document Intelligence","US East","Free Transactions","0.002","0.000000"
"Microsoft Azure Sponsorship","cd7ad108-f6f9-4669-869b-e84a702ebec1","7/7/2025","1dd1220f-3bc9-5b55-9e5b-ebeb622006e6","Azure Applied AI Services","Document Intelligence","US East","Free Transactions","0.001","0.000000"
"Microsoft Azure Sponsorship","cd7ad108-f6f9-4669-869b-e84a702ebec1","7/13/2025","1dd1220f-3bc9-5b55-9e5b-ebeb622006e6","Azure Applied AI Services","Document Intelligence","US East","Free Transactions","0.006","0.000000"
"Microsoft Azure Sponsorship","cd7ad108-f6f9-4669-869b-e84a702ebec1","7/17/2025","1dd1220f-3bc9-5b55-9e5b-ebeb622006e6","Azure Applied AI Services","Document Intelligence","US East","Free Transactions","0.002","0.000000"
"Microsoft Azure Sponsorship","cd7ad108-f6f9-4669-869b-e84a702ebec1","7/2/2025","42598f89-2951-5f77-8f9b-f7178f5a3140","Cognitive Services","Azure OpenAI","US East","gpt-35-turbo-16K-0125 Output-regional Tokens","0.838","0.001259"
"Microsoft Azure Sponsorship","cd7ad108-f6f9-4669-869b-e84a702ebec1","7/7/2025","d1ed9a6f-b926-5dc0-a246-f9aa185f2022","Cognitive Services","Azure OpenAI","US East","gpt-4.1-ft input global Tokens","2.914","0.005828"
"Microsoft Azure Sponsorship","cd7ad108-f6f9-4669-869b-e84a702ebec1","7/8/2025","d1ed9a6f-b926-5dc0-a246-f9aa185f2022","Cognitive Services","Azure OpenAI","US East","gpt-4.1-ft input global Tokens","2.826","0.005652"
